[
  {
    "trialNumber": 1,
    "sequence": "815199979124284",
    "responses": [
      {
        "experimentId": "1739342437593",
        "response": "f",
        "responseType": "odd",
        "digit": "8",
        "isCorrect": false,
        "timestamp": 1739342438121,
        "position": 0,
        "trialNumber": 0,
        "positionKey": "0-0"
      },
      {
        "experimentId": "1739342437593",
        "response": "f",
        "responseType": "odd",
        "digit": "1",
        "isCorrect": true,
        "timestamp": 1739342438622,
        "position": 1,
        "trialNumber": 0,
        "positionKey": "0-1"
      },
      {
        "experimentId": "1739342437593",
        "response": "f",
        "responseType": "odd",
        "digit": "5",
        "isCorrect": true,
        "timestamp": 1739342438703,
        "position": 2,
        "trialNumber": 0,
        "positionKey": "0-2"
      },
      {
        "experimentId": "1739342437593",
        "response": "f",
        "responseType": "odd",
        "digit": "1",
        "isCorrect": true,
        "timestamp": 1739342438789,
        "position": 3,
        "trialNumber": 0,
        "positionKey": "0-3"
      },
      {
        "experimentId": "1739342437593",
        "response": "f",
        "responseType": "odd",
        "digit": "9",
        "isCorrect": true,
        "timestamp": 1739342438873,
        "position": 4,
        "trialNumber": 0,
        "positionKey": "0-4"
      },
      {
        "experimentId": "1739342437593",
        "response": "f",
        "responseType": "odd",
        "digit": "9",
        "isCorrect": true,
        "timestamp": 1739342438955,
        "position": 5,
        "trialNumber": 0,
        "positionKey": "0-5"
      },
      {
        "experimentId": "1739342437593",
        "response": "f",
        "responseType": "odd",
        "digit": "9",
        "isCorrect": true,
        "timestamp": 1739342439039,
        "position": 6,
        "trialNumber": 0,
        "positionKey": "0-6"
      },
      {
        "experimentId": "1739342437593",
        "response": "f",
        "responseType": "odd",
        "digit": "7",
        "isCorrect": true,
        "timestamp": 1739342439121,
        "position": 7,
        "trialNumber": 0,
        "positionKey": "0-7"
      },
      {
        "experimentId": "1739342437593",
        "response": "f",
        "responseType": "odd",
        "digit": "9",
        "isCorrect": true,
        "timestamp": 1739342439206,
        "position": 8,
        "trialNumber": 0,
        "positionKey": "0-8"
      },
      {
        "experimentId": "1739342437593",
        "response": "f",
        "responseType": "odd",
        "digit": "1",
        "isCorrect": true,
        "timestamp": 1739342439289,
        "position": 9,
        "trialNumber": 0,
        "positionKey": "0-9"
      },
      {
        "experimentId": "1739342437593",
        "response": "f",
        "responseType": "odd",
        "digit": "2",
        "isCorrect": false,
        "timestamp": 1739342439372,
        "position": 10,
        "trialNumber": 0,
        "positionKey": "0-10"
      },
      {
        "experimentId": "1739342437593",
        "response": "f",
        "responseType": "odd",
        "digit": "4",
        "isCorrect": false,
        "timestamp": 1739342439455,
        "position": 11,
        "trialNumber": 0,
        "positionKey": "0-11"
      },
      {
        "experimentId": "1739342437593",
        "response": "f",
        "responseType": "odd",
        "digit": "2",
        "isCorrect": false,
        "timestamp": 1739342439540,
        "position": 12,
        "trialNumber": 0,
        "positionKey": "0-12"
      },
      {
        "experimentId": "1739342437593",
        "response": "f",
        "responseType": "odd",
        "digit": "8",
        "isCorrect": false,
        "timestamp": 1739342439621,
        "position": 13,
        "trialNumber": 0,
        "positionKey": "0-13"
      },
      {
        "experimentId": "1739342437593",
        "response": "f",
        "responseType": "odd",
        "digit": "4",
        "isCorrect": false,
        "timestamp": 1739342439706,
        "position": 14,
        "trialNumber": 0,
        "positionKey": "0-14"
      }
    ]
  },
  {
    "trialNumber": 2,
    "sequence": "591912664499135",
    "responses": [
      {
        "experimentId": "1739342437593",
        "response": "f",
        "responseType": "odd",
        "digit": "5",
        "isCorrect": true,
        "timestamp": 1739342439792,
        "position": 0,
        "trialNumber": 1,
        "positionKey": "1-0"
      },
      {
        "experimentId": "1739342437593",
        "response": "f",
        "responseType": "odd",
        "digit": "9",
        "isCorrect": true,
        "timestamp": 1739342439875,
        "position": 1,
        "trialNumber": 1,
        "positionKey": "1-1"
      },
      {
        "experimentId": "1739342437593",
        "response": "f",
        "responseType": "odd",
        "digit": "1",
        "isCorrect": true,
        "timestamp": 1739342439959,
        "position": 2,
        "trialNumber": 1,
        "positionKey": "1-2"
      },
      {
        "experimentId": "1739342437593",
        "response": "f",
        "responseType": "odd",
        "digit": "9",
        "isCorrect": true,
        "timestamp": 1739342440043,
        "position": 3,
        "trialNumber": 1,
        "positionKey": "1-3"
      },
      {
        "experimentId": "1739342437593",
        "response": "f",
        "responseType": "odd",
        "digit": "1",
        "isCorrect": true,
        "timestamp": 1739342440125,
        "position": 4,
        "trialNumber": 1,
        "positionKey": "1-4"
      },
      {
        "experimentId": "1739342437593",
        "response": "f",
        "responseType": "odd",
        "digit": "2",
        "isCorrect": false,
        "timestamp": 1739342440208,
        "position": 5,
        "trialNumber": 1,
        "positionKey": "1-5"
      },
      {
        "experimentId": "1739342437593",
        "response": "f",
        "responseType": "odd",
        "digit": "6",
        "isCorrect": false,
        "timestamp": 1739342440292,
        "position": 6,
        "trialNumber": 1,
        "positionKey": "1-6"
      },
      {
        "experimentId": "1739342437593",
        "response": "f",
        "responseType": "odd",
        "digit": "6",
        "isCorrect": false,
        "timestamp": 1739342440377,
        "position": 7,
        "trialNumber": 1,
        "positionKey": "1-7"
      },
      {
        "experimentId": "1739342437593",
        "response": "f",
        "responseType": "odd",
        "digit": "4",
        "isCorrect": false,
        "timestamp": 1739342440460,
        "position": 8,
        "trialNumber": 1,
        "positionKey": "1-8"
      },
      {
        "experimentId": "1739342437593",
        "response": "f",
        "responseType": "odd",
        "digit": "4",
        "isCorrect": false,
        "timestamp": 1739342440544,
        "position": 9,
        "trialNumber": 1,
        "positionKey": "1-9"
      },
      {
        "experimentId": "1739342437593",
        "response": "f",
        "responseType": "odd",
        "digit": "9",
        "isCorrect": true,
        "timestamp": 1739342440627,
        "position": 10,
        "trialNumber": 1,
        "positionKey": "1-10"
      },
      {
        "experimentId": "1739342437593",
        "response": "f",
        "responseType": "odd",
        "digit": "9",
        "isCorrect": true,
        "timestamp": 1739342440711,
        "position": 11,
        "trialNumber": 1,
        "positionKey": "1-11"
      },
      {
        "experimentId": "1739342437593",
        "response": "f",
        "responseType": "odd",
        "digit": "1",
        "isCorrect": true,
        "timestamp": 1739342440793,
        "position": 12,
        "trialNumber": 1,
        "positionKey": "1-12"
      },
      {
        "experimentId": "1739342437593",
        "response": "f",
        "responseType": "odd",
        "digit": "3",
        "isCorrect": true,
        "timestamp": 1739342440876,
        "position": 13,
        "trialNumber": 1,
        "positionKey": "1-13"
      },
      {
        "experimentId": "1739342437593",
        "response": "f",
        "responseType": "odd",
        "digit": "5",
        "isCorrect": true,
        "timestamp": 1739342440959,
        "position": 14,
        "trialNumber": 1,
        "positionKey": "1-14"
      }
    ]
  },
  {
    "trialNumber": 3,
    "sequence": "999771224519959",
    "responses": [
      {
        "experimentId": "1739342437593",
        "response": "f",
        "responseType": "odd",
        "digit": "9",
        "isCorrect": true,
        "timestamp": 1739342441042,
        "position": 0,
        "trialNumber": 2,
        "positionKey": "2-0"
      },
      {
        "experimentId": "1739342437593",
        "response": "f",
        "responseType": "odd",
        "digit": "9",
        "isCorrect": true,
        "timestamp": 1739342441125,
        "position": 1,
        "trialNumber": 2,
        "positionKey": "2-1"
      },
      {
        "experimentId": "1739342437593",
        "response": "f",
        "responseType": "odd",
        "digit": "9",
        "isCorrect": true,
        "timestamp": 1739342441210,
        "position": 2,
        "trialNumber": 2,
        "positionKey": "2-2"
      },
      {
        "experimentId": "1739342437593",
        "response": "f",
        "responseType": "odd",
        "digit": "7",
        "isCorrect": true,
        "timestamp": 1739342441293,
        "position": 3,
        "trialNumber": 2,
        "positionKey": "2-3"
      },
      {
        "experimentId": "1739342437593",
        "response": "f",
        "responseType": "odd",
        "digit": "7",
        "isCorrect": true,
        "timestamp": 1739342441375,
        "position": 4,
        "trialNumber": 2,
        "positionKey": "2-4"
      },
      {
        "experimentId": "1739342437593",
        "response": "f",
        "responseType": "odd",
        "digit": "1",
        "isCorrect": true,
        "timestamp": 1739342441460,
        "position": 5,
        "trialNumber": 2,
        "positionKey": "2-5"
      },
      {
        "experimentId": "1739342437593",
        "response": "f",
        "responseType": "odd",
        "digit": "2",
        "isCorrect": false,
        "timestamp": 1739342441542,
        "position": 6,
        "trialNumber": 2,
        "positionKey": "2-6"
      },
      {
        "experimentId": "1739342437593",
        "response": "f",
        "responseType": "odd",
        "digit": "2",
        "isCorrect": false,
        "timestamp": 1739342441626,
        "position": 7,
        "trialNumber": 2,
        "positionKey": "2-7"
      },
      {
        "experimentId": "1739342437593",
        "response": "f",
        "responseType": "odd",
        "digit": "4",
        "isCorrect": false,
        "timestamp": 1739342441710,
        "position": 8,
        "trialNumber": 2,
        "positionKey": "2-8"
      },
      {
        "experimentId": "1739342437593",
        "response": "f",
        "responseType": "odd",
        "digit": "5",
        "isCorrect": true,
        "timestamp": 1739342441795,
        "position": 9,
        "trialNumber": 2,
        "positionKey": "2-9"
      },
      {
        "experimentId": "1739342437593",
        "response": "f",
        "responseType": "odd",
        "digit": "1",
        "isCorrect": true,
        "timestamp": 1739342441881,
        "position": 10,
        "trialNumber": 2,
        "positionKey": "2-10"
      },
      {
        "experimentId": "1739342437593",
        "response": "f",
        "responseType": "odd",
        "digit": "9",
        "isCorrect": true,
        "timestamp": 1739342441964,
        "position": 11,
        "trialNumber": 2,
        "positionKey": "2-11"
      },
      {
        "experimentId": "1739342437593",
        "response": "f",
        "responseType": "odd",
        "digit": "9",
        "isCorrect": true,
        "timestamp": 1739342442046,
        "position": 12,
        "trialNumber": 2,
        "positionKey": "2-12"
      },
      {
        "experimentId": "1739342437593",
        "response": "f",
        "responseType": "odd",
        "digit": "5",
        "isCorrect": true,
        "timestamp": 1739342442131,
        "position": 13,
        "trialNumber": 2,
        "positionKey": "2-13"
      },
      {
        "experimentId": "1739342437593",
        "response": "f",
        "responseType": "odd",
        "digit": "9",
        "isCorrect": true,
        "timestamp": 1739342442210,
        "position": 14,
        "trialNumber": 2,
        "positionKey": "2-14"
      }
    ]
  },
  {
    "trialNumber": 4,
    "sequence": "349467854874744",
    "responses": [
      {
        "experimentId": "1739342437593",
        "response": "f",
        "responseType": "odd",
        "digit": "3",
        "isCorrect": true,
        "timestamp": 1739342442294,
        "position": 0,
        "trialNumber": 3,
        "positionKey": "3-0"
      },
      {
        "experimentId": "1739342437593",
        "response": "f",
        "responseType": "odd",
        "digit": "4",
        "isCorrect": false,
        "timestamp": 1739342442377,
        "position": 1,
        "trialNumber": 3,
        "positionKey": "3-1"
      },
      {
        "experimentId": "1739342437593",
        "response": "f",
        "responseType": "odd",
        "digit": "9",
        "isCorrect": true,
        "timestamp": 1739342442462,
        "position": 2,
        "trialNumber": 3,
        "positionKey": "3-2"
      },
      {
        "experimentId": "1739342437593",
        "response": "f",
        "responseType": "odd",
        "digit": "4",
        "isCorrect": false,
        "timestamp": 1739342442545,
        "position": 3,
        "trialNumber": 3,
        "positionKey": "3-3"
      },
      {
        "experimentId": "1739342437593",
        "response": "f",
        "responseType": "odd",
        "digit": "6",
        "isCorrect": false,
        "timestamp": 1739342442627,
        "position": 4,
        "trialNumber": 3,
        "positionKey": "3-4"
      },
      {
        "experimentId": "1739342437593",
        "response": "f",
        "responseType": "odd",
        "digit": "7",
        "isCorrect": true,
        "timestamp": 1739342442710,
        "position": 5,
        "trialNumber": 3,
        "positionKey": "3-5"
      },
      {
        "experimentId": "1739342437593",
        "response": "f",
        "responseType": "odd",
        "digit": "8",
        "isCorrect": false,
        "timestamp": 1739342442793,
        "position": 6,
        "trialNumber": 3,
        "positionKey": "3-6"
      },
      {
        "experimentId": "1739342437593",
        "response": "f",
        "responseType": "odd",
        "digit": "5",
        "isCorrect": true,
        "timestamp": 1739342442876,
        "position": 7,
        "trialNumber": 3,
        "positionKey": "3-7"
      },
      {
        "experimentId": "1739342437593",
        "response": "f",
        "responseType": "odd",
        "digit": "4",
        "isCorrect": false,
        "timestamp": 1739342442960,
        "position": 8,
        "trialNumber": 3,
        "positionKey": "3-8"
      },
      {
        "experimentId": "1739342437593",
        "response": "f",
        "responseType": "odd",
        "digit": "8",
        "isCorrect": false,
        "timestamp": 1739342443043,
        "position": 9,
        "trialNumber": 3,
        "positionKey": "3-9"
      },
      {
        "experimentId": "1739342437593",
        "response": "f",
        "responseType": "odd",
        "digit": "7",
        "isCorrect": true,
        "timestamp": 1739342443126,
        "position": 10,
        "trialNumber": 3,
        "positionKey": "3-10"
      },
      {
        "experimentId": "1739342437593",
        "response": "f",
        "responseType": "odd",
        "digit": "4",
        "isCorrect": false,
        "timestamp": 1739342443210,
        "position": 11,
        "trialNumber": 3,
        "positionKey": "3-11"
      },
      {
        "experimentId": "1739342437593",
        "response": "f",
        "responseType": "odd",
        "digit": "7",
        "isCorrect": true,
        "timestamp": 1739342443293,
        "position": 12,
        "trialNumber": 3,
        "positionKey": "3-12"
      },
      {
        "experimentId": "1739342437593",
        "response": "f",
        "responseType": "odd",
        "digit": "4",
        "isCorrect": false,
        "timestamp": 1739342443376,
        "position": 13,
        "trialNumber": 3,
        "positionKey": "3-13"
      },
      {
        "experimentId": "1739342437593",
        "response": "f",
        "responseType": "odd",
        "digit": "4",
        "isCorrect": false,
        "timestamp": 1739342443460,
        "position": 14,
        "trialNumber": 3,
        "positionKey": "3-14"
      }
    ]
  },
  {
    "trialNumber": 5,
    "sequence": "726879216324886",
    "responses": [
      {
        "experimentId": "1739342437593",
        "response": "f",
        "responseType": "odd",
        "digit": "7",
        "isCorrect": true,
        "timestamp": 1739342443543,
        "position": 0,
        "trialNumber": 4,
        "positionKey": "4-0"
      },
      {
        "experimentId": "1739342437593",
        "response": "f",
        "responseType": "odd",
        "digit": "2",
        "isCorrect": false,
        "timestamp": 1739342443626,
        "position": 1,
        "trialNumber": 4,
        "positionKey": "4-1"
      },
      {
        "experimentId": "1739342437593",
        "response": "f",
        "responseType": "odd",
        "digit": "6",
        "isCorrect": false,
        "timestamp": 1739342443711,
        "position": 2,
        "trialNumber": 4,
        "positionKey": "4-2"
      },
      {
        "experimentId": "1739342437593",
        "response": "f",
        "responseType": "odd",
        "digit": "8",
        "isCorrect": false,
        "timestamp": 1739342443795,
        "position": 3,
        "trialNumber": 4,
        "positionKey": "4-3"
      },
      {
        "experimentId": "1739342437593",
        "response": "f",
        "responseType": "odd",
        "digit": "7",
        "isCorrect": true,
        "timestamp": 1739342443878,
        "position": 4,
        "trialNumber": 4,
        "positionKey": "4-4"
      },
      {
        "experimentId": "1739342437593",
        "response": "f",
        "responseType": "odd",
        "digit": "9",
        "isCorrect": true,
        "timestamp": 1739342443961,
        "position": 5,
        "trialNumber": 4,
        "positionKey": "4-5"
      },
      {
        "experimentId": "1739342437593",
        "response": "f",
        "responseType": "odd",
        "digit": "2",
        "isCorrect": false,
        "timestamp": 1739342444045,
        "position": 6,
        "trialNumber": 4,
        "positionKey": "4-6"
      },
      {
        "experimentId": "1739342437593",
        "response": "f",
        "responseType": "odd",
        "digit": "1",
        "isCorrect": true,
        "timestamp": 1739342444130,
        "position": 7,
        "trialNumber": 4,
        "positionKey": "4-7"
      },
      {
        "experimentId": "1739342437593",
        "response": "f",
        "responseType": "odd",
        "digit": "6",
        "isCorrect": false,
        "timestamp": 1739342444214,
        "position": 8,
        "trialNumber": 4,
        "positionKey": "4-8"
      },
      {
        "experimentId": "1739342437593",
        "response": "f",
        "responseType": "odd",
        "digit": "3",
        "isCorrect": true,
        "timestamp": 1739342444297,
        "position": 9,
        "trialNumber": 4,
        "positionKey": "4-9"
      },
      {
        "experimentId": "1739342437593",
        "response": "f",
        "responseType": "odd",
        "digit": "2",
        "isCorrect": false,
        "timestamp": 1739342444380,
        "position": 10,
        "trialNumber": 4,
        "positionKey": "4-10"
      },
      {
        "experimentId": "1739342437593",
        "response": "f",
        "responseType": "odd",
        "digit": "4",
        "isCorrect": false,
        "timestamp": 1739342444464,
        "position": 11,
        "trialNumber": 4,
        "positionKey": "4-11"
      },
      {
        "experimentId": "1739342437593",
        "response": "f",
        "responseType": "odd",
        "digit": "8",
        "isCorrect": false,
        "timestamp": 1739342444547,
        "position": 12,
        "trialNumber": 4,
        "positionKey": "4-12"
      },
      {
        "experimentId": "1739342437593",
        "response": "f",
        "responseType": "odd",
        "digit": "8",
        "isCorrect": false,
        "timestamp": 1739342444630,
        "position": 13,
        "trialNumber": 4,
        "positionKey": "4-13"
      },
      {
        "experimentId": "1739342437593",
        "response": "f",
        "responseType": "odd",
        "digit": "6",
        "isCorrect": false,
        "timestamp": 1739342444714,
        "position": 14,
        "trialNumber": 4,
        "positionKey": "4-14"
      }
    ]
  },
  {
    "trialNumber": 6,
    "sequence": "527829169652984",
    "responses": [
      {
        "experimentId": "1739342437593",
        "response": "f",
        "responseType": "odd",
        "digit": "5",
        "isCorrect": true,
        "timestamp": 1739342444797,
        "position": 0,
        "trialNumber": 5,
        "positionKey": "5-0"
      },
      {
        "experimentId": "1739342437593",
        "response": "f",
        "responseType": "odd",
        "digit": "2",
        "isCorrect": false,
        "timestamp": 1739342444880,
        "position": 1,
        "trialNumber": 5,
        "positionKey": "5-1"
      },
      {
        "experimentId": "1739342437593",
        "response": "f",
        "responseType": "odd",
        "digit": "7",
        "isCorrect": true,
        "timestamp": 1739342444964,
        "position": 2,
        "trialNumber": 5,
        "positionKey": "5-2"
      },
      {
        "experimentId": "1739342437593",
        "response": "f",
        "responseType": "odd",
        "digit": "8",
        "isCorrect": false,
        "timestamp": 1739342445050,
        "position": 3,
        "trialNumber": 5,
        "positionKey": "5-3"
      },
      {
        "experimentId": "1739342437593",
        "response": "f",
        "responseType": "odd",
        "digit": "2",
        "isCorrect": false,
        "timestamp": 1739342445129,
        "position": 4,
        "trialNumber": 5,
        "positionKey": "5-4"
      },
      {
        "experimentId": "1739342437593",
        "response": "f",
        "responseType": "odd",
        "digit": "9",
        "isCorrect": true,
        "timestamp": 1739342445213,
        "position": 5,
        "trialNumber": 5,
        "positionKey": "5-5"
      },
      {
        "experimentId": "1739342437593",
        "response": "f",
        "responseType": "odd",
        "digit": "1",
        "isCorrect": true,
        "timestamp": 1739342445299,
        "position": 6,
        "trialNumber": 5,
        "positionKey": "5-6"
      },
      {
        "experimentId": "1739342437593",
        "response": "f",
        "responseType": "odd",
        "digit": "6",
        "isCorrect": false,
        "timestamp": 1739342445381,
        "position": 7,
        "trialNumber": 5,
        "positionKey": "5-7"
      },
      {
        "experimentId": "1739342437593",
        "response": "f",
        "responseType": "odd",
        "digit": "9",
        "isCorrect": true,
        "timestamp": 1739342445465,
        "position": 8,
        "trialNumber": 5,
        "positionKey": "5-8"
      },
      {
        "experimentId": "1739342437593",
        "response": "f",
        "responseType": "odd",
        "digit": "6",
        "isCorrect": false,
        "timestamp": 1739342445547,
        "position": 9,
        "trialNumber": 5,
        "positionKey": "5-9"
      },
      {
        "experimentId": "1739342437593",
        "response": "f",
        "responseType": "odd",
        "digit": "5",
        "isCorrect": true,
        "timestamp": 1739342445631,
        "position": 10,
        "trialNumber": 5,
        "positionKey": "5-10"
      },
      {
        "experimentId": "1739342437593",
        "response": "f",
        "responseType": "odd",
        "digit": "2",
        "isCorrect": false,
        "timestamp": 1739342445715,
        "position": 11,
        "trialNumber": 5,
        "positionKey": "5-11"
      },
      {
        "experimentId": "1739342437593",
        "response": "f",
        "responseType": "odd",
        "digit": "9",
        "isCorrect": true,
        "timestamp": 1739342445798,
        "position": 12,
        "trialNumber": 5,
        "positionKey": "5-12"
      },
      {
        "experimentId": "1739342437593",
        "response": "f",
        "responseType": "odd",
        "digit": "8",
        "isCorrect": false,
        "timestamp": 1739342445882,
        "position": 13,
        "trialNumber": 5,
        "positionKey": "5-13"
      },
      {
        "experimentId": "1739342437593",
        "response": "f",
        "responseType": "odd",
        "digit": "4",
        "isCorrect": false,
        "timestamp": 1739342445966,
        "position": 14,
        "trialNumber": 5,
        "positionKey": "5-14"
      }
    ]
  },
  {
    "trialNumber": 7,
    "sequence": "296383432418751",
    "responses": [
      {
        "experimentId": "1739342437593",
        "response": "f",
        "responseType": "odd",
        "digit": "2",
        "isCorrect": false,
        "timestamp": 1739342446050,
        "position": 0,
        "trialNumber": 6,
        "positionKey": "6-0"
      },
      {
        "experimentId": "1739342437593",
        "response": "f",
        "responseType": "odd",
        "digit": "9",
        "isCorrect": true,
        "timestamp": 1739342446133,
        "position": 1,
        "trialNumber": 6,
        "positionKey": "6-1"
      },
      {
        "experimentId": "1739342437593",
        "response": "f",
        "responseType": "odd",
        "digit": "6",
        "isCorrect": false,
        "timestamp": 1739342446218,
        "position": 2,
        "trialNumber": 6,
        "positionKey": "6-2"
      },
      {
        "experimentId": "1739342437593",
        "response": "f",
        "responseType": "odd",
        "digit": "3",
        "isCorrect": true,
        "timestamp": 1739342446303,
        "position": 3,
        "trialNumber": 6,
        "positionKey": "6-3"
      },
      {
        "experimentId": "1739342437593",
        "response": "f",
        "responseType": "odd",
        "digit": "8",
        "isCorrect": false,
        "timestamp": 1739342446389,
        "position": 4,
        "trialNumber": 6,
        "positionKey": "6-4"
      },
      {
        "experimentId": "1739342437593",
        "response": "f",
        "responseType": "odd",
        "digit": "3",
        "isCorrect": true,
        "timestamp": 1739342446473,
        "position": 5,
        "trialNumber": 6,
        "positionKey": "6-5"
      },
      {
        "experimentId": "1739342437593",
        "response": "f",
        "responseType": "odd",
        "digit": "4",
        "isCorrect": false,
        "timestamp": 1739342446555,
        "position": 6,
        "trialNumber": 6,
        "positionKey": "6-6"
      },
      {
        "experimentId": "1739342437593",
        "response": "f",
        "responseType": "odd",
        "digit": "3",
        "isCorrect": true,
        "timestamp": 1739342446638,
        "position": 7,
        "trialNumber": 6,
        "positionKey": "6-7"
      },
      {
        "experimentId": "1739342437593",
        "response": "f",
        "responseType": "odd",
        "digit": "2",
        "isCorrect": false,
        "timestamp": 1739342446722,
        "position": 8,
        "trialNumber": 6,
        "positionKey": "6-8"
      },
      {
        "experimentId": "1739342437593",
        "response": "f",
        "responseType": "odd",
        "digit": "4",
        "isCorrect": false,
        "timestamp": 1739342446805,
        "position": 9,
        "trialNumber": 6,
        "positionKey": "6-9"
      },
      {
        "experimentId": "1739342437593",
        "response": "f",
        "responseType": "odd",
        "digit": "1",
        "isCorrect": true,
        "timestamp": 1739342446889,
        "position": 10,
        "trialNumber": 6,
        "positionKey": "6-10"
      },
      {
        "experimentId": "1739342437593",
        "response": "f",
        "responseType": "odd",
        "digit": "8",
        "isCorrect": false,
        "timestamp": 1739342446972,
        "position": 11,
        "trialNumber": 6,
        "positionKey": "6-11"
      },
      {
        "experimentId": "1739342437593",
        "response": "f",
        "responseType": "odd",
        "digit": "7",
        "isCorrect": true,
        "timestamp": 1739342447056,
        "position": 12,
        "trialNumber": 6,
        "positionKey": "6-12"
      },
      {
        "experimentId": "1739342437593",
        "response": "f",
        "responseType": "odd",
        "digit": "5",
        "isCorrect": true,
        "timestamp": 1739342447140,
        "position": 13,
        "trialNumber": 6,
        "positionKey": "6-13"
      },
      {
        "experimentId": "1739342437593",
        "response": "f",
        "responseType": "odd",
        "digit": "1",
        "isCorrect": true,
        "timestamp": 1739342447223,
        "position": 14,
        "trialNumber": 6,
        "positionKey": "6-14"
      }
    ]
  },
  {
    "trialNumber": 8,
    "sequence": "666811621365326",
    "responses": [
      {
        "experimentId": "1739342437593",
        "response": "f",
        "responseType": "odd",
        "digit": "6",
        "isCorrect": false,
        "timestamp": 1739342447305,
        "position": 0,
        "trialNumber": 7,
        "positionKey": "7-0"
      },
      {
        "experimentId": "1739342437593",
        "response": "f",
        "responseType": "odd",
        "digit": "6",
        "isCorrect": false,
        "timestamp": 1739342447433,
        "position": 1,
        "trialNumber": 7,
        "positionKey": "7-1"
      },
      {
        "experimentId": "1739342437593",
        "response": "f",
        "responseType": "odd",
        "digit": "6",
        "isCorrect": false,
        "timestamp": 1739342447470,
        "position": 2,
        "trialNumber": 7,
        "positionKey": "7-2"
      },
      {
        "experimentId": "1739342437593",
        "response": "f",
        "responseType": "odd",
        "digit": "8",
        "isCorrect": false,
        "timestamp": 1739342447553,
        "position": 3,
        "trialNumber": 7,
        "positionKey": "7-3"
      },
      {
        "experimentId": "1739342437593",
        "response": "f",
        "responseType": "odd",
        "digit": "1",
        "isCorrect": true,
        "timestamp": 1739342447641,
        "position": 4,
        "trialNumber": 7,
        "positionKey": "7-4"
      },
      {
        "experimentId": "1739342437593",
        "response": "f",
        "responseType": "odd",
        "digit": "1",
        "isCorrect": true,
        "timestamp": 1739342447722,
        "position": 5,
        "trialNumber": 7,
        "positionKey": "7-5"
      },
      {
        "experimentId": "1739342437593",
        "response": "f",
        "responseType": "odd",
        "digit": "6",
        "isCorrect": false,
        "timestamp": 1739342447806,
        "position": 6,
        "trialNumber": 7,
        "positionKey": "7-6"
      },
      {
        "experimentId": "1739342437593",
        "response": "f",
        "responseType": "odd",
        "digit": "2",
        "isCorrect": false,
        "timestamp": 1739342447894,
        "position": 7,
        "trialNumber": 7,
        "positionKey": "7-7"
      },
      {
        "experimentId": "1739342437593",
        "response": "f",
        "responseType": "odd",
        "digit": "1",
        "isCorrect": true,
        "timestamp": 1739342447979,
        "position": 8,
        "trialNumber": 7,
        "positionKey": "7-8"
      },
      {
        "experimentId": "1739342437593",
        "response": "f",
        "responseType": "odd",
        "digit": "3",
        "isCorrect": true,
        "timestamp": 1739342448061,
        "position": 9,
        "trialNumber": 7,
        "positionKey": "7-9"
      },
      {
        "experimentId": "1739342437593",
        "response": "f",
        "responseType": "odd",
        "digit": "6",
        "isCorrect": false,
        "timestamp": 1739342448143,
        "position": 10,
        "trialNumber": 7,
        "positionKey": "7-10"
      },
      {
        "experimentId": "1739342437593",
        "response": "f",
        "responseType": "odd",
        "digit": "5",
        "isCorrect": true,
        "timestamp": 1739342448229,
        "position": 11,
        "trialNumber": 7,
        "positionKey": "7-11"
      },
      {
        "experimentId": "1739342437593",
        "response": "f",
        "responseType": "odd",
        "digit": "3",
        "isCorrect": true,
        "timestamp": 1739342448309,
        "position": 12,
        "trialNumber": 7,
        "positionKey": "7-12"
      },
      {
        "experimentId": "1739342437593",
        "response": "f",
        "responseType": "odd",
        "digit": "2",
        "isCorrect": false,
        "timestamp": 1739342448394,
        "position": 13,
        "trialNumber": 7,
        "positionKey": "7-13"
      },
      {
        "experimentId": "1739342437593",
        "response": "f",
        "responseType": "odd",
        "digit": "6",
        "isCorrect": false,
        "timestamp": 1739342448476,
        "position": 14,
        "trialNumber": 7,
        "positionKey": "7-14"
      }
    ]
  },
  {
    "trialNumber": 9,
    "sequence": "358143568224695",
    "responses": [
      {
        "experimentId": "1739342437593",
        "response": "f",
        "responseType": "odd",
        "digit": "3",
        "isCorrect": true,
        "timestamp": 1739342448560,
        "position": 0,
        "trialNumber": 8,
        "positionKey": "8-0"
      },
      {
        "experimentId": "1739342437593",
        "response": "f",
        "responseType": "odd",
        "digit": "5",
        "isCorrect": true,
        "timestamp": 1739342448643,
        "position": 1,
        "trialNumber": 8,
        "positionKey": "8-1"
      },
      {
        "experimentId": "1739342437593",
        "response": "f",
        "responseType": "odd",
        "digit": "8",
        "isCorrect": false,
        "timestamp": 1739342448727,
        "position": 2,
        "trialNumber": 8,
        "positionKey": "8-2"
      },
      {
        "experimentId": "1739342437593",
        "response": "f",
        "responseType": "odd",
        "digit": "1",
        "isCorrect": true,
        "timestamp": 1739342448810,
        "position": 3,
        "trialNumber": 8,
        "positionKey": "8-3"
      },
      {
        "experimentId": "1739342437593",
        "response": "f",
        "responseType": "odd",
        "digit": "4",
        "isCorrect": false,
        "timestamp": 1739342448895,
        "position": 4,
        "trialNumber": 8,
        "positionKey": "8-4"
      },
      {
        "experimentId": "1739342437593",
        "response": "f",
        "responseType": "odd",
        "digit": "3",
        "isCorrect": true,
        "timestamp": 1739342448978,
        "position": 5,
        "trialNumber": 8,
        "positionKey": "8-5"
      },
      {
        "experimentId": "1739342437593",
        "response": "f",
        "responseType": "odd",
        "digit": "5",
        "isCorrect": true,
        "timestamp": 1739342449065,
        "position": 6,
        "trialNumber": 8,
        "positionKey": "8-6"
      },
      {
        "experimentId": "1739342437593",
        "response": "f",
        "responseType": "odd",
        "digit": "6",
        "isCorrect": false,
        "timestamp": 1739342449147,
        "position": 7,
        "trialNumber": 8,
        "positionKey": "8-7"
      },
      {
        "experimentId": "1739342437593",
        "response": "f",
        "responseType": "odd",
        "digit": "8",
        "isCorrect": false,
        "timestamp": 1739342449231,
        "position": 8,
        "trialNumber": 8,
        "positionKey": "8-8"
      },
      {
        "experimentId": "1739342437593",
        "response": "f",
        "responseType": "odd",
        "digit": "2",
        "isCorrect": false,
        "timestamp": 1739342449314,
        "position": 9,
        "trialNumber": 8,
        "positionKey": "8-9"
      },
      {
        "experimentId": "1739342437593",
        "response": "f",
        "responseType": "odd",
        "digit": "2",
        "isCorrect": false,
        "timestamp": 1739342449398,
        "position": 10,
        "trialNumber": 8,
        "positionKey": "8-10"
      },
      {
        "experimentId": "1739342437593",
        "response": "f",
        "responseType": "odd",
        "digit": "4",
        "isCorrect": false,
        "timestamp": 1739342449481,
        "position": 11,
        "trialNumber": 8,
        "positionKey": "8-11"
      },
      {
        "experimentId": "1739342437593",
        "response": "f",
        "responseType": "odd",
        "digit": "6",
        "isCorrect": false,
        "timestamp": 1739342449564,
        "position": 12,
        "trialNumber": 8,
        "positionKey": "8-12"
      },
      {
        "experimentId": "1739342437593",
        "response": "f",
        "responseType": "odd",
        "digit": "9",
        "isCorrect": true,
        "timestamp": 1739342449647,
        "position": 13,
        "trialNumber": 8,
        "positionKey": "8-13"
      },
      {
        "experimentId": "1739342437593",
        "response": "f",
        "responseType": "odd",
        "digit": "5",
        "isCorrect": true,
        "timestamp": 1739342449730,
        "position": 14,
        "trialNumber": 8,
        "positionKey": "8-14"
      }
    ]
  }
]