[
  {
    "trialNumber": 1,
    "sequence": "232361873256524",
    "responses": [
      {
        "experimentId": "1739342248114",
        "response": "j",
        "responseType": "even",
        "digit": "2",
        "isCorrect": true,
        "timestamp": 1739342249443,
        "position": 0,
        "trialNumber": 0,
        "positionKey": "0-0"
      },
      {
        "experimentId": "1739342248114",
        "response": "j",
        "responseType": "even",
        "digit": "3",
        "isCorrect": false,
        "timestamp": 1739342249870,
        "position": 1,
        "trialNumber": 0,
        "positionKey": "0-1"
      },
      {
        "experimentId": "1739342248114",
        "response": "j",
        "responseType": "even",
        "digit": "2",
        "isCorrect": true,
        "timestamp": 1739342250318,
        "position": 2,
        "trialNumber": 0,
        "positionKey": "0-2"
      },
      {
        "experimentId": "1739342248114",
        "response": "j",
        "responseType": "even",
        "digit": "3",
        "isCorrect": false,
        "timestamp": 1739342250500,
        "position": 3,
        "trialNumber": 0,
        "positionKey": "0-3"
      },
      {
        "experimentId": "1739342248114",
        "response": "j",
        "responseType": "even",
        "digit": "6",
        "isCorrect": true,
        "timestamp": 1739342250667,
        "position": 4,
        "trialNumber": 0,
        "positionKey": "0-4"
      },
      {
        "experimentId": "1739342248114",
        "response": "j",
        "responseType": "even",
        "digit": "1",
        "isCorrect": false,
        "timestamp": 1739342250808,
        "position": 5,
        "trialNumber": 0,
        "positionKey": "0-5"
      },
      {
        "experimentId": "1739342248114",
        "response": "j",
        "responseType": "even",
        "digit": "8",
        "isCorrect": true,
        "timestamp": 1739342250952,
        "position": 6,
        "trialNumber": 0,
        "positionKey": "0-6"
      },
      {
        "experimentId": "1739342248114",
        "response": "j",
        "responseType": "even",
        "digit": "7",
        "isCorrect": false,
        "timestamp": 1739342251113,
        "position": 7,
        "trialNumber": 0,
        "positionKey": "0-7"
      },
      {
        "experimentId": "1739342248114",
        "response": "j",
        "responseType": "even",
        "digit": "3",
        "isCorrect": false,
        "timestamp": 1739342251261,
        "position": 8,
        "trialNumber": 0,
        "positionKey": "0-8"
      },
      {
        "experimentId": "1739342248114",
        "response": "j",
        "responseType": "even",
        "digit": "2",
        "isCorrect": true,
        "timestamp": 1739342251413,
        "position": 9,
        "trialNumber": 0,
        "positionKey": "0-9"
      },
      {
        "experimentId": "1739342248114",
        "response": "j",
        "responseType": "even",
        "digit": "5",
        "isCorrect": false,
        "timestamp": 1739342251568,
        "position": 10,
        "trialNumber": 0,
        "positionKey": "0-10"
      },
      {
        "experimentId": "1739342248114",
        "response": "j",
        "responseType": "even",
        "digit": "6",
        "isCorrect": true,
        "timestamp": 1739342251739,
        "position": 11,
        "trialNumber": 0,
        "positionKey": "0-11"
      },
      {
        "experimentId": "1739342248114",
        "response": "j",
        "responseType": "even",
        "digit": "5",
        "isCorrect": false,
        "timestamp": 1739342252241,
        "position": 12,
        "trialNumber": 0,
        "positionKey": "0-12"
      },
      {
        "experimentId": "1739342248114",
        "response": "j",
        "responseType": "even",
        "digit": "2",
        "isCorrect": true,
        "timestamp": 1739342252327,
        "position": 13,
        "trialNumber": 0,
        "positionKey": "0-13"
      },
      {
        "experimentId": "1739342248114",
        "response": "j",
        "responseType": "even",
        "digit": "4",
        "isCorrect": true,
        "timestamp": 1739342252405,
        "position": 14,
        "trialNumber": 0,
        "positionKey": "0-14"
      }
    ]
  },
  {
    "trialNumber": 2,
    "sequence": "179181641245228",
    "responses": [
      {
        "experimentId": "1739342248114",
        "response": "j",
        "responseType": "even",
        "digit": "1",
        "isCorrect": false,
        "timestamp": 1739342252488,
        "position": 0,
        "trialNumber": 1,
        "positionKey": "1-0"
      },
      {
        "experimentId": "1739342248114",
        "response": "j",
        "responseType": "even",
        "digit": "7",
        "isCorrect": false,
        "timestamp": 1739342252573,
        "position": 1,
        "trialNumber": 1,
        "positionKey": "1-1"
      },
      {
        "experimentId": "1739342248114",
        "response": "j",
        "responseType": "even",
        "digit": "9",
        "isCorrect": false,
        "timestamp": 1739342252656,
        "position": 2,
        "trialNumber": 1,
        "positionKey": "1-2"
      },
      {
        "experimentId": "1739342248114",
        "response": "j",
        "responseType": "even",
        "digit": "1",
        "isCorrect": false,
        "timestamp": 1739342252738,
        "position": 3,
        "trialNumber": 1,
        "positionKey": "1-3"
      },
      {
        "experimentId": "1739342248114",
        "response": "j",
        "responseType": "even",
        "digit": "8",
        "isCorrect": true,
        "timestamp": 1739342252821,
        "position": 4,
        "trialNumber": 1,
        "positionKey": "1-4"
      },
      {
        "experimentId": "1739342248114",
        "response": "j",
        "responseType": "even",
        "digit": "1",
        "isCorrect": false,
        "timestamp": 1739342252905,
        "position": 5,
        "trialNumber": 1,
        "positionKey": "1-5"
      },
      {
        "experimentId": "1739342248114",
        "response": "j",
        "responseType": "even",
        "digit": "6",
        "isCorrect": true,
        "timestamp": 1739342252988,
        "position": 6,
        "trialNumber": 1,
        "positionKey": "1-6"
      },
      {
        "experimentId": "1739342248114",
        "response": "j",
        "responseType": "even",
        "digit": "4",
        "isCorrect": true,
        "timestamp": 1739342253071,
        "position": 7,
        "trialNumber": 1,
        "positionKey": "1-7"
      },
      {
        "experimentId": "1739342248114",
        "response": "j",
        "responseType": "even",
        "digit": "1",
        "isCorrect": false,
        "timestamp": 1739342253154,
        "position": 8,
        "trialNumber": 1,
        "positionKey": "1-8"
      },
      {
        "experimentId": "1739342248114",
        "response": "j",
        "responseType": "even",
        "digit": "2",
        "isCorrect": true,
        "timestamp": 1739342253238,
        "position": 9,
        "trialNumber": 1,
        "positionKey": "1-9"
      },
      {
        "experimentId": "1739342248114",
        "response": "j",
        "responseType": "even",
        "digit": "4",
        "isCorrect": true,
        "timestamp": 1739342253320,
        "position": 10,
        "trialNumber": 1,
        "positionKey": "1-10"
      },
      {
        "experimentId": "1739342248114",
        "response": "j",
        "responseType": "even",
        "digit": "5",
        "isCorrect": false,
        "timestamp": 1739342253404,
        "position": 11,
        "trialNumber": 1,
        "positionKey": "1-11"
      },
      {
        "experimentId": "1739342248114",
        "response": "j",
        "responseType": "even",
        "digit": "2",
        "isCorrect": true,
        "timestamp": 1739342253487,
        "position": 12,
        "trialNumber": 1,
        "positionKey": "1-12"
      },
      {
        "experimentId": "1739342248114",
        "response": "j",
        "responseType": "even",
        "digit": "2",
        "isCorrect": true,
        "timestamp": 1739342253571,
        "position": 13,
        "trialNumber": 1,
        "positionKey": "1-13"
      },
      {
        "experimentId": "1739342248114",
        "response": "j",
        "responseType": "even",
        "digit": "8",
        "isCorrect": true,
        "timestamp": 1739342253654,
        "position": 14,
        "trialNumber": 1,
        "positionKey": "1-14"
      }
    ]
  },
  {
    "trialNumber": 3,
    "sequence": "868628868846291",
    "responses": [
      {
        "experimentId": "1739342248114",
        "response": "j",
        "responseType": "even",
        "digit": "8",
        "isCorrect": true,
        "timestamp": 1739342253737,
        "position": 0,
        "trialNumber": 2,
        "positionKey": "2-0"
      },
      {
        "experimentId": "1739342248114",
        "response": "j",
        "responseType": "even",
        "digit": "6",
        "isCorrect": true,
        "timestamp": 1739342253820,
        "position": 1,
        "trialNumber": 2,
        "positionKey": "2-1"
      },
      {
        "experimentId": "1739342248114",
        "response": "j",
        "responseType": "even",
        "digit": "8",
        "isCorrect": true,
        "timestamp": 1739342253904,
        "position": 2,
        "trialNumber": 2,
        "positionKey": "2-2"
      },
      {
        "experimentId": "1739342248114",
        "response": "j",
        "responseType": "even",
        "digit": "6",
        "isCorrect": true,
        "timestamp": 1739342253988,
        "position": 3,
        "trialNumber": 2,
        "positionKey": "2-3"
      },
      {
        "experimentId": "1739342248114",
        "response": "j",
        "responseType": "even",
        "digit": "2",
        "isCorrect": true,
        "timestamp": 1739342254070,
        "position": 4,
        "trialNumber": 2,
        "positionKey": "2-4"
      },
      {
        "experimentId": "1739342248114",
        "response": "j",
        "responseType": "even",
        "digit": "8",
        "isCorrect": true,
        "timestamp": 1739342254154,
        "position": 5,
        "trialNumber": 2,
        "positionKey": "2-5"
      },
      {
        "experimentId": "1739342248114",
        "response": "j",
        "responseType": "even",
        "digit": "8",
        "isCorrect": true,
        "timestamp": 1739342254239,
        "position": 6,
        "trialNumber": 2,
        "positionKey": "2-6"
      },
      {
        "experimentId": "1739342248114",
        "response": "j",
        "responseType": "even",
        "digit": "6",
        "isCorrect": true,
        "timestamp": 1739342254324,
        "position": 7,
        "trialNumber": 2,
        "positionKey": "2-7"
      },
      {
        "experimentId": "1739342248114",
        "response": "j",
        "responseType": "even",
        "digit": "8",
        "isCorrect": true,
        "timestamp": 1739342254406,
        "position": 8,
        "trialNumber": 2,
        "positionKey": "2-8"
      },
      {
        "experimentId": "1739342248114",
        "response": "j",
        "responseType": "even",
        "digit": "8",
        "isCorrect": true,
        "timestamp": 1739342254490,
        "position": 9,
        "trialNumber": 2,
        "positionKey": "2-9"
      },
      {
        "experimentId": "1739342248114",
        "response": "j",
        "responseType": "even",
        "digit": "4",
        "isCorrect": true,
        "timestamp": 1739342254575,
        "position": 10,
        "trialNumber": 2,
        "positionKey": "2-10"
      },
      {
        "experimentId": "1739342248114",
        "response": "j",
        "responseType": "even",
        "digit": "6",
        "isCorrect": true,
        "timestamp": 1739342254658,
        "position": 11,
        "trialNumber": 2,
        "positionKey": "2-11"
      },
      {
        "experimentId": "1739342248114",
        "response": "j",
        "responseType": "even",
        "digit": "2",
        "isCorrect": true,
        "timestamp": 1739342254742,
        "position": 12,
        "trialNumber": 2,
        "positionKey": "2-12"
      },
      {
        "experimentId": "1739342248114",
        "response": "j",
        "responseType": "even",
        "digit": "9",
        "isCorrect": false,
        "timestamp": 1739342254825,
        "position": 13,
        "trialNumber": 2,
        "positionKey": "2-13"
      },
      {
        "experimentId": "1739342248114",
        "response": "j",
        "responseType": "even",
        "digit": "1",
        "isCorrect": false,
        "timestamp": 1739342254909,
        "position": 14,
        "trialNumber": 2,
        "positionKey": "2-14"
      }
    ]
  }
]