[
  {
    "trialNumber": 1,
    "sequence": "595739937319339",
    "responses": [
      {
        "experimentId": "1737176374599",
        "response": "f",
        "responseType": "odd",
        "digit": "5",
        "isCorrect": true,
        "timestamp": 1737176375071,
        "position": 0,
        "trialNumber": 0,
        "positionKey": "0-0",
        "blockNumber": 1
      },
      {
        "experimentId": "1737176374599",
        "response": "f",
        "responseType": "odd",
        "digit": "9",
        "isCorrect": true,
        "timestamp": 1737176375154,
        "position": 1,
        "trialNumber": 0,
        "positionKey": "0-1",
        "blockNumber": 1
      },
      {
        "experimentId": "1737176374599",
        "response": "f",
        "responseType": "odd",
        "digit": "5",
        "isCorrect": true,
        "timestamp": 1737176375238,
        "position": 2,
        "trialNumber": 0,
        "positionKey": "0-2",
        "blockNumber": 1
      },
      {
        "experimentId": "1737176374599",
        "response": "f",
        "responseType": "odd",
        "digit": "7",
        "isCorrect": true,
        "timestamp": 1737176375322,
        "position": 3,
        "trialNumber": 0,
        "positionKey": "0-3",
        "blockNumber": 1
      },
      {
        "experimentId": "1737176374599",
        "response": "f",
        "responseType": "odd",
        "digit": "3",
        "isCorrect": true,
        "timestamp": 1737176375406,
        "position": 4,
        "trialNumber": 0,
        "positionKey": "0-4",
        "blockNumber": 1
      },
      {
        "experimentId": "1737176374599",
        "response": "f",
        "responseType": "odd",
        "digit": "9",
        "isCorrect": true,
        "timestamp": 1737176375489,
        "position": 5,
        "trialNumber": 0,
        "positionKey": "0-5",
        "blockNumber": 1
      },
      {
        "experimentId": "1737176374599",
        "response": "f",
        "responseType": "odd",
        "digit": "9",
        "isCorrect": true,
        "timestamp": 1737176375572,
        "position": 6,
        "trialNumber": 0,
        "positionKey": "0-6",
        "blockNumber": 1
      },
      {
        "experimentId": "1737176374599",
        "response": "f",
        "responseType": "odd",
        "digit": "3",
        "isCorrect": true,
        "timestamp": 1737176375657,
        "position": 7,
        "trialNumber": 0,
        "positionKey": "0-7",
        "blockNumber": 1
      },
      {
        "experimentId": "1737176374599",
        "response": "f",
        "responseType": "odd",
        "digit": "7",
        "isCorrect": true,
        "timestamp": 1737176375739,
        "position": 8,
        "trialNumber": 0,
        "positionKey": "0-8",
        "blockNumber": 1
      },
      {
        "experimentId": "1737176374599",
        "response": "f",
        "responseType": "odd",
        "digit": "3",
        "isCorrect": true,
        "timestamp": 1737176375824,
        "position": 9,
        "trialNumber": 0,
        "positionKey": "0-9",
        "blockNumber": 1
      },
      {
        "experimentId": "1737176374599",
        "response": "f",
        "responseType": "odd",
        "digit": "1",
        "isCorrect": true,
        "timestamp": 1737176375910,
        "position": 10,
        "trialNumber": 0,
        "positionKey": "0-10",
        "blockNumber": 1
      },
      {
        "experimentId": "1737176374599",
        "response": "f",
        "responseType": "odd",
        "digit": "9",
        "isCorrect": true,
        "timestamp": 1737176375994,
        "position": 11,
        "trialNumber": 0,
        "positionKey": "0-11",
        "blockNumber": 1
      },
      {
        "experimentId": "1737176374599",
        "response": "f",
        "responseType": "odd",
        "digit": "3",
        "isCorrect": true,
        "timestamp": 1737176376077,
        "position": 12,
        "trialNumber": 0,
        "positionKey": "0-12",
        "blockNumber": 1
      },
      {
        "experimentId": "1737176374599",
        "response": "f",
        "responseType": "odd",
        "digit": "3",
        "isCorrect": true,
        "timestamp": 1737176376160,
        "position": 13,
        "trialNumber": 0,
        "positionKey": "0-13",
        "blockNumber": 1
      },
      {
        "experimentId": "1737176374599",
        "response": "f",
        "responseType": "odd",
        "digit": "9",
        "isCorrect": true,
        "timestamp": 1737176376242,
        "position": 14,
        "trialNumber": 0,
        "positionKey": "0-14",
        "blockNumber": 1
      }
    ]
  },
  {
    "trialNumber": 2,
    "sequence": "191995624866466",
    "responses": [
      {
        "experimentId": "1737176374599",
        "response": "f",
        "responseType": "odd",
        "digit": "1",
        "isCorrect": true,
        "timestamp": 1737176376327,
        "position": 0,
        "trialNumber": 1,
        "positionKey": "1-0",
        "blockNumber": 1
      },
      {
        "experimentId": "1737176374599",
        "response": "f",
        "responseType": "odd",
        "digit": "9",
        "isCorrect": true,
        "timestamp": 1737176376407,
        "position": 1,
        "trialNumber": 1,
        "positionKey": "1-1",
        "blockNumber": 1
      },
      {
        "experimentId": "1737176374599",
        "response": "f",
        "responseType": "odd",
        "digit": "9",
        "isCorrect": true,
        "timestamp": 1737176376576,
        "position": 3,
        "trialNumber": 1,
        "positionKey": "1-3",
        "blockNumber": 1
      },
      {
        "experimentId": "1737176374599",
        "response": "f",
        "responseType": "odd",
        "digit": "9",
        "isCorrect": true,
        "timestamp": 1737176376659,
        "position": 4,
        "trialNumber": 1,
        "positionKey": "1-4",
        "blockNumber": 1
      },
      {
        "experimentId": "1737176374599",
        "response": "f",
        "responseType": "odd",
        "digit": "5",
        "isCorrect": true,
        "timestamp": 1737176376743,
        "position": 5,
        "trialNumber": 1,
        "positionKey": "1-5",
        "blockNumber": 1
      },
      {
        "experimentId": "1737176374599",
        "response": "f",
        "responseType": "odd",
        "digit": "6",
        "isCorrect": false,
        "timestamp": 1737176376825,
        "position": 6,
        "trialNumber": 1,
        "positionKey": "1-6",
        "blockNumber": 1
      },
      {
        "experimentId": "1737176374599",
        "response": "f",
        "responseType": "odd",
        "digit": "2",
        "isCorrect": false,
        "timestamp": 1737176376909,
        "position": 7,
        "trialNumber": 1,
        "positionKey": "1-7",
        "blockNumber": 1
      },
      {
        "experimentId": "1737176374599",
        "response": "f",
        "responseType": "odd",
        "digit": "4",
        "isCorrect": false,
        "timestamp": 1737176376993,
        "position": 8,
        "trialNumber": 1,
        "positionKey": "1-8",
        "blockNumber": 1
      },
      {
        "experimentId": "1737176374599",
        "response": "f",
        "responseType": "odd",
        "digit": "8",
        "isCorrect": false,
        "timestamp": 1737176377077,
        "position": 9,
        "trialNumber": 1,
        "positionKey": "1-9",
        "blockNumber": 1
      },
      {
        "experimentId": "1737176374599",
        "response": "f",
        "responseType": "odd",
        "digit": "6",
        "isCorrect": false,
        "timestamp": 1737176377160,
        "position": 10,
        "trialNumber": 1,
        "positionKey": "1-10",
        "blockNumber": 1
      },
      {
        "experimentId": "1737176374599",
        "response": "f",
        "responseType": "odd",
        "digit": "6",
        "isCorrect": false,
        "timestamp": 1737176377243,
        "position": 11,
        "trialNumber": 1,
        "positionKey": "1-11",
        "blockNumber": 1
      },
      {
        "experimentId": "1737176374599",
        "response": "f",
        "responseType": "odd",
        "digit": "4",
        "isCorrect": false,
        "timestamp": 1737176377328,
        "position": 12,
        "trialNumber": 1,
        "positionKey": "1-12",
        "blockNumber": 1
      },
      {
        "experimentId": "1737176374599",
        "response": "f",
        "responseType": "odd",
        "digit": "6",
        "isCorrect": false,
        "timestamp": 1737176377409,
        "position": 13,
        "trialNumber": 1,
        "positionKey": "1-13",
        "blockNumber": 1
      },
      {
        "experimentId": "1737176374599",
        "response": "f",
        "responseType": "odd",
        "digit": "6",
        "isCorrect": false,
        "timestamp": 1737176377493,
        "position": 14,
        "trialNumber": 1,
        "positionKey": "1-14",
        "blockNumber": 1
      }
    ]
  },
  {
    "trialNumber": 3,
    "sequence": "213157359775288",
    "responses": [
      {
        "experimentId": "1737176374599",
        "response": "f",
        "responseType": "odd",
        "digit": "2",
        "isCorrect": false,
        "timestamp": 1737176377576,
        "position": 0,
        "trialNumber": 2,
        "positionKey": "2-0",
        "blockNumber": 1
      },
      {
        "experimentId": "1737176374599",
        "response": "f",
        "responseType": "odd",
        "digit": "1",
        "isCorrect": true,
        "timestamp": 1737176377659,
        "position": 1,
        "trialNumber": 2,
        "positionKey": "2-1",
        "blockNumber": 2
      },
      {
        "experimentId": "1737176374599",
        "response": "f",
        "responseType": "odd",
        "digit": "3",
        "isCorrect": true,
        "timestamp": 1737176377743,
        "position": 2,
        "trialNumber": 2,
        "positionKey": "2-2",
        "blockNumber": 2
      },
      {
        "experimentId": "1737176374599",
        "response": "f",
        "responseType": "odd",
        "digit": "1",
        "isCorrect": true,
        "timestamp": 1737176377826,
        "position": 3,
        "trialNumber": 2,
        "positionKey": "2-3",
        "blockNumber": 2
      },
      {
        "experimentId": "1737176374599",
        "response": "f",
        "responseType": "odd",
        "digit": "5",
        "isCorrect": true,
        "timestamp": 1737176377910,
        "position": 4,
        "trialNumber": 2,
        "positionKey": "2-4",
        "blockNumber": 2
      },
      {
        "experimentId": "1737176374599",
        "response": "f",
        "responseType": "odd",
        "digit": "7",
        "isCorrect": true,
        "timestamp": 1737176377992,
        "position": 5,
        "trialNumber": 2,
        "positionKey": "2-5",
        "blockNumber": 2
      },
      {
        "experimentId": "1737176374599",
        "response": "f",
        "responseType": "odd",
        "digit": "3",
        "isCorrect": true,
        "timestamp": 1737176378076,
        "position": 6,
        "trialNumber": 2,
        "positionKey": "2-6",
        "blockNumber": 2
      },
      {
        "experimentId": "1737176374599",
        "response": "f",
        "responseType": "odd",
        "digit": "5",
        "isCorrect": true,
        "timestamp": 1737176378159,
        "position": 7,
        "trialNumber": 2,
        "positionKey": "2-7",
        "blockNumber": 2
      },
      {
        "experimentId": "1737176374599",
        "response": "f",
        "responseType": "odd",
        "digit": "9",
        "isCorrect": true,
        "timestamp": 1737176378250,
        "position": 8,
        "trialNumber": 2,
        "positionKey": "2-8",
        "blockNumber": 2
      },
      {
        "experimentId": "1737176374599",
        "response": "f",
        "responseType": "odd",
        "digit": "7",
        "isCorrect": true,
        "timestamp": 1737176378326,
        "position": 9,
        "trialNumber": 2,
        "positionKey": "2-9",
        "blockNumber": 2
      },
      {
        "experimentId": "1737176374599",
        "response": "f",
        "responseType": "odd",
        "digit": "7",
        "isCorrect": true,
        "timestamp": 1737176378411,
        "position": 10,
        "trialNumber": 2,
        "positionKey": "2-10",
        "blockNumber": 2
      },
      {
        "experimentId": "1737176374599",
        "response": "f",
        "responseType": "odd",
        "digit": "5",
        "isCorrect": true,
        "timestamp": 1737176378493,
        "position": 11,
        "trialNumber": 2,
        "positionKey": "2-11",
        "blockNumber": 2
      },
      {
        "experimentId": "1737176374599",
        "response": "f",
        "responseType": "odd",
        "digit": "2",
        "isCorrect": false,
        "timestamp": 1737176378579,
        "position": 12,
        "trialNumber": 2,
        "positionKey": "2-12",
        "blockNumber": 2
      },
      {
        "experimentId": "1737176374599",
        "response": "f",
        "responseType": "odd",
        "digit": "8",
        "isCorrect": false,
        "timestamp": 1737176378659,
        "position": 13,
        "trialNumber": 2,
        "positionKey": "2-13",
        "blockNumber": 2
      },
      {
        "experimentId": "1737176374599",
        "response": "f",
        "responseType": "odd",
        "digit": "8",
        "isCorrect": false,
        "timestamp": 1737176378745,
        "position": 14,
        "trialNumber": 2,
        "positionKey": "2-14",
        "blockNumber": 2
      }
    ]
  },
  {
    "trialNumber": 4,
    "sequence": "791336852894433",
    "responses": [
      {
        "experimentId": "1737176374599",
        "response": "f",
        "responseType": "odd",
        "digit": "7",
        "isCorrect": true,
        "timestamp": 1737176378826,
        "position": 0,
        "trialNumber": 3,
        "positionKey": "3-0",
        "blockNumber": 2
      },
      {
        "experimentId": "1737176374599",
        "response": "f",
        "responseType": "odd",
        "digit": "9",
        "isCorrect": true,
        "timestamp": 1737176378911,
        "position": 1,
        "trialNumber": 3,
        "positionKey": "3-1",
        "blockNumber": 2
      },
      {
        "experimentId": "1737176374599",
        "response": "f",
        "responseType": "odd",
        "digit": "1",
        "isCorrect": true,
        "timestamp": 1737176378994,
        "position": 2,
        "trialNumber": 3,
        "positionKey": "3-2",
        "blockNumber": 2
      },
      {
        "experimentId": "1737176374599",
        "response": "f",
        "responseType": "odd",
        "digit": "3",
        "isCorrect": true,
        "timestamp": 1737176379078,
        "position": 3,
        "trialNumber": 3,
        "positionKey": "3-3",
        "blockNumber": 2
      },
      {
        "experimentId": "1737176374599",
        "response": "f",
        "responseType": "odd",
        "digit": "3",
        "isCorrect": true,
        "timestamp": 1737176379160,
        "position": 4,
        "trialNumber": 3,
        "positionKey": "3-4",
        "blockNumber": 2
      },
      {
        "experimentId": "1737176374599",
        "response": "f",
        "responseType": "odd",
        "digit": "6",
        "isCorrect": false,
        "timestamp": 1737176379245,
        "position": 5,
        "trialNumber": 3,
        "positionKey": "3-5",
        "blockNumber": 2
      },
      {
        "experimentId": "1737176374599",
        "response": "f",
        "responseType": "odd",
        "digit": "8",
        "isCorrect": false,
        "timestamp": 1737176379327,
        "position": 6,
        "trialNumber": 3,
        "positionKey": "3-6",
        "blockNumber": 2
      },
      {
        "experimentId": "1737176374599",
        "response": "f",
        "responseType": "odd",
        "digit": "5",
        "isCorrect": true,
        "timestamp": 1737176379412,
        "position": 7,
        "trialNumber": 3,
        "positionKey": "3-7",
        "blockNumber": 2
      },
      {
        "experimentId": "1737176374599",
        "response": "f",
        "responseType": "odd",
        "digit": "2",
        "isCorrect": false,
        "timestamp": 1737176379496,
        "position": 8,
        "trialNumber": 3,
        "positionKey": "3-8",
        "blockNumber": 2
      },
      {
        "experimentId": "1737176374599",
        "response": "f",
        "responseType": "odd",
        "digit": "8",
        "isCorrect": false,
        "timestamp": 1737176379580,
        "position": 9,
        "trialNumber": 3,
        "positionKey": "3-9",
        "blockNumber": 2
      },
      {
        "experimentId": "1737176374599",
        "response": "f",
        "responseType": "odd",
        "digit": "9",
        "isCorrect": true,
        "timestamp": 1737176379664,
        "position": 10,
        "trialNumber": 3,
        "positionKey": "3-10",
        "blockNumber": 2
      },
      {
        "experimentId": "1737176374599",
        "response": "f",
        "responseType": "odd",
        "digit": "4",
        "isCorrect": false,
        "timestamp": 1737176379747,
        "position": 11,
        "trialNumber": 3,
        "positionKey": "3-11",
        "blockNumber": 2
      },
      {
        "experimentId": "1737176374599",
        "response": "f",
        "responseType": "odd",
        "digit": "4",
        "isCorrect": false,
        "timestamp": 1737176379831,
        "position": 12,
        "trialNumber": 3,
        "positionKey": "3-12",
        "blockNumber": 2
      },
      {
        "experimentId": "1737176374599",
        "response": "f",
        "responseType": "odd",
        "digit": "3",
        "isCorrect": true,
        "timestamp": 1737176379917,
        "position": 13,
        "trialNumber": 3,
        "positionKey": "3-13",
        "blockNumber": 2
      },
      {
        "experimentId": "1737176374599",
        "response": "f",
        "responseType": "odd",
        "digit": "3",
        "isCorrect": true,
        "timestamp": 1737176379999,
        "position": 14,
        "trialNumber": 3,
        "positionKey": "3-14",
        "blockNumber": 2
      }
    ]
  },
  {
    "trialNumber": 5,
    "sequence": "771218178417644",
    "responses": [
      {
        "experimentId": "1737176374599",
        "response": "f",
        "responseType": "odd",
        "digit": "7",
        "isCorrect": true,
        "timestamp": 1737176380083,
        "position": 0,
        "trialNumber": 4,
        "positionKey": "4-0",
        "blockNumber": 2
      },
      {
        "experimentId": "1737176374599",
        "response": "f",
        "responseType": "odd",
        "digit": "7",
        "isCorrect": true,
        "timestamp": 1737176380168,
        "position": 1,
        "trialNumber": 4,
        "positionKey": "4-1",
        "blockNumber": 2
      },
      {
        "experimentId": "1737176374599",
        "response": "f",
        "responseType": "odd",
        "digit": "1",
        "isCorrect": true,
        "timestamp": 1737176380250,
        "position": 2,
        "trialNumber": 4,
        "positionKey": "4-2",
        "blockNumber": 2
      },
      {
        "experimentId": "1737176374599",
        "response": "f",
        "responseType": "odd",
        "digit": "2",
        "isCorrect": false,
        "timestamp": 1737176380332,
        "position": 3,
        "trialNumber": 4,
        "positionKey": "4-3",
        "blockNumber": 2
      },
      {
        "experimentId": "1737176374599",
        "response": "f",
        "responseType": "odd",
        "digit": "1",
        "isCorrect": true,
        "timestamp": 1737176380414,
        "position": 4,
        "trialNumber": 4,
        "positionKey": "4-4",
        "blockNumber": 2
      },
      {
        "experimentId": "1737176374599",
        "response": "f",
        "responseType": "odd",
        "digit": "8",
        "isCorrect": false,
        "timestamp": 1737176380497,
        "position": 5,
        "trialNumber": 4,
        "positionKey": "4-5",
        "blockNumber": 2
      },
      {
        "experimentId": "1737176374599",
        "response": "f",
        "responseType": "odd",
        "digit": "1",
        "isCorrect": true,
        "timestamp": 1737176380582,
        "position": 6,
        "trialNumber": 4,
        "positionKey": "4-6",
        "blockNumber": 2
      },
      {
        "experimentId": "1737176374599",
        "response": "f",
        "responseType": "odd",
        "digit": "7",
        "isCorrect": true,
        "timestamp": 1737176380666,
        "position": 7,
        "trialNumber": 4,
        "positionKey": "4-7",
        "blockNumber": 2
      },
      {
        "experimentId": "1737176374599",
        "response": "f",
        "responseType": "odd",
        "digit": "8",
        "isCorrect": false,
        "timestamp": 1737176380747,
        "position": 8,
        "trialNumber": 4,
        "positionKey": "4-8",
        "blockNumber": 2
      },
      {
        "experimentId": "1737176374599",
        "response": "f",
        "responseType": "odd",
        "digit": "4",
        "isCorrect": false,
        "timestamp": 1737176380831,
        "position": 9,
        "trialNumber": 4,
        "positionKey": "4-9",
        "blockNumber": 2
      },
      {
        "experimentId": "1737176374599",
        "response": "f",
        "responseType": "odd",
        "digit": "1",
        "isCorrect": true,
        "timestamp": 1737176380914,
        "position": 10,
        "trialNumber": 4,
        "positionKey": "4-10",
        "blockNumber": 2
      },
      {
        "experimentId": "1737176374599",
        "response": "f",
        "responseType": "odd",
        "digit": "7",
        "isCorrect": true,
        "timestamp": 1737176380997,
        "position": 11,
        "trialNumber": 4,
        "positionKey": "4-11",
        "blockNumber": 2
      },
      {
        "experimentId": "1737176374599",
        "response": "f",
        "responseType": "odd",
        "digit": "6",
        "isCorrect": false,
        "timestamp": 1737176381083,
        "position": 12,
        "trialNumber": 4,
        "positionKey": "4-12",
        "blockNumber": 2
      },
      {
        "experimentId": "1737176374599",
        "response": "f",
        "responseType": "odd",
        "digit": "4",
        "isCorrect": false,
        "timestamp": 1737176381165,
        "position": 13,
        "trialNumber": 4,
        "positionKey": "4-13",
        "blockNumber": 2
      },
      {
        "experimentId": "1737176374599",
        "response": "f",
        "responseType": "odd",
        "digit": "4",
        "isCorrect": false,
        "timestamp": 1737176381250,
        "position": 14,
        "trialNumber": 4,
        "positionKey": "4-14",
        "blockNumber": 2
      }
    ]
  },
  {
    "trialNumber": 6,
    "sequence": "773152836234791",
    "responses": [
      {
        "experimentId": "1737176374599",
        "response": "f",
        "responseType": "odd",
        "digit": "7",
        "isCorrect": true,
        "timestamp": 1737176381333,
        "position": 0,
        "trialNumber": 5,
        "positionKey": "5-0",
        "blockNumber": 2
      },
      {
        "experimentId": "1737176374599",
        "response": "f",
        "responseType": "odd",
        "digit": "7",
        "isCorrect": true,
        "timestamp": 1737176381417,
        "position": 1,
        "trialNumber": 5,
        "positionKey": "5-1",
        "blockNumber": 2
      },
      {
        "experimentId": "1737176374599",
        "response": "f",
        "responseType": "odd",
        "digit": "3",
        "isCorrect": true,
        "timestamp": 1737176381499,
        "position": 2,
        "trialNumber": 5,
        "positionKey": "5-2",
        "blockNumber": 2
      },
      {
        "experimentId": "1737176374599",
        "response": "f",
        "responseType": "odd",
        "digit": "1",
        "isCorrect": true,
        "timestamp": 1737176381583,
        "position": 3,
        "trialNumber": 5,
        "positionKey": "5-3",
        "blockNumber": 2
      },
      {
        "experimentId": "1737176374599",
        "response": "f",
        "responseType": "odd",
        "digit": "5",
        "isCorrect": true,
        "timestamp": 1737176381666,
        "position": 4,
        "trialNumber": 5,
        "positionKey": "5-4",
        "blockNumber": 2
      },
      {
        "experimentId": "1737176374599",
        "response": "f",
        "responseType": "odd",
        "digit": "2",
        "isCorrect": false,
        "timestamp": 1737176381750,
        "position": 5,
        "trialNumber": 5,
        "positionKey": "5-5",
        "blockNumber": 2
      },
      {
        "experimentId": "1737176374599",
        "response": "f",
        "responseType": "odd",
        "digit": "8",
        "isCorrect": false,
        "timestamp": 1737176381834,
        "position": 6,
        "trialNumber": 5,
        "positionKey": "5-6",
        "blockNumber": 2
      },
      {
        "experimentId": "1737176374599",
        "response": "f",
        "responseType": "odd",
        "digit": "3",
        "isCorrect": true,
        "timestamp": 1737176381917,
        "position": 7,
        "trialNumber": 5,
        "positionKey": "5-7",
        "blockNumber": 2
      },
      {
        "experimentId": "1737176374599",
        "response": "f",
        "responseType": "odd",
        "digit": "6",
        "isCorrect": false,
        "timestamp": 1737176382002,
        "position": 8,
        "trialNumber": 5,
        "positionKey": "5-8",
        "blockNumber": 2
      },
      {
        "experimentId": "1737176374599",
        "response": "f",
        "responseType": "odd",
        "digit": "2",
        "isCorrect": false,
        "timestamp": 1737176382084,
        "position": 9,
        "trialNumber": 5,
        "positionKey": "5-9",
        "blockNumber": 2
      },
      {
        "experimentId": "1737176374599",
        "response": "f",
        "responseType": "odd",
        "digit": "3",
        "isCorrect": true,
        "timestamp": 1737176382168,
        "position": 10,
        "trialNumber": 5,
        "positionKey": "5-10",
        "blockNumber": 2
      },
      {
        "experimentId": "1737176374599",
        "response": "f",
        "responseType": "odd",
        "digit": "4",
        "isCorrect": false,
        "timestamp": 1737176382251,
        "position": 11,
        "trialNumber": 5,
        "positionKey": "5-11",
        "blockNumber": 2
      },
      {
        "experimentId": "1737176374599",
        "response": "f",
        "responseType": "odd",
        "digit": "7",
        "isCorrect": true,
        "timestamp": 1737176382335,
        "position": 12,
        "trialNumber": 5,
        "positionKey": "5-12",
        "blockNumber": 2
      },
      {
        "experimentId": "1737176374599",
        "response": "f",
        "responseType": "odd",
        "digit": "9",
        "isCorrect": true,
        "timestamp": 1737176382418,
        "position": 13,
        "trialNumber": 5,
        "positionKey": "5-13",
        "blockNumber": 2
      },
      {
        "experimentId": "1737176374599",
        "response": "f",
        "responseType": "odd",
        "digit": "1",
        "isCorrect": true,
        "timestamp": 1737176382501,
        "position": 14,
        "trialNumber": 5,
        "positionKey": "5-14",
        "blockNumber": 2
      }
    ]
  },
  {
    "trialNumber": 7,
    "sequence": "929456542983251",
    "responses": [
      {
        "experimentId": "1737176374599",
        "response": "f",
        "responseType": "odd",
        "digit": "9",
        "isCorrect": true,
        "timestamp": 1737176382584,
        "position": 0,
        "trialNumber": 6,
        "positionKey": "6-0",
        "blockNumber": 2
      },
      {
        "experimentId": "1737176374599",
        "response": "f",
        "responseType": "odd",
        "digit": "2",
        "isCorrect": false,
        "timestamp": 1737176382668,
        "position": 1,
        "trialNumber": 6,
        "positionKey": "6-1",
        "blockNumber": 2
      },
      {
        "experimentId": "1737176374599",
        "response": "f",
        "responseType": "odd",
        "digit": "9",
        "isCorrect": true,
        "timestamp": 1737176382751,
        "position": 2,
        "trialNumber": 6,
        "positionKey": "6-2",
        "blockNumber": 2
      },
      {
        "experimentId": "1737176374599",
        "response": "f",
        "responseType": "odd",
        "digit": "4",
        "isCorrect": false,
        "timestamp": 1737176382835,
        "position": 3,
        "trialNumber": 6,
        "positionKey": "6-3",
        "blockNumber": 2
      },
      {
        "experimentId": "1737176374599",
        "response": "f",
        "responseType": "odd",
        "digit": "5",
        "isCorrect": true,
        "timestamp": 1737176382918,
        "position": 4,
        "trialNumber": 6,
        "positionKey": "6-4",
        "blockNumber": 2
      },
      {
        "experimentId": "1737176374599",
        "response": "f",
        "responseType": "odd",
        "digit": "6",
        "isCorrect": false,
        "timestamp": 1737176383002,
        "position": 5,
        "trialNumber": 6,
        "positionKey": "6-5",
        "blockNumber": 2
      },
      {
        "experimentId": "1737176374599",
        "response": "f",
        "responseType": "odd",
        "digit": "5",
        "isCorrect": true,
        "timestamp": 1737176383084,
        "position": 6,
        "trialNumber": 6,
        "positionKey": "6-6",
        "blockNumber": 2
      },
      {
        "experimentId": "1737176374599",
        "response": "f",
        "responseType": "odd",
        "digit": "4",
        "isCorrect": false,
        "timestamp": 1737176383168,
        "position": 7,
        "trialNumber": 6,
        "positionKey": "6-7",
        "blockNumber": 2
      },
      {
        "experimentId": "1737176374599",
        "response": "f",
        "responseType": "odd",
        "digit": "2",
        "isCorrect": false,
        "timestamp": 1737176383251,
        "position": 8,
        "trialNumber": 6,
        "positionKey": "6-8",
        "blockNumber": 2
      },
      {
        "experimentId": "1737176374599",
        "response": "f",
        "responseType": "odd",
        "digit": "9",
        "isCorrect": true,
        "timestamp": 1737176383335,
        "position": 9,
        "trialNumber": 6,
        "positionKey": "6-9",
        "blockNumber": 2
      },
      {
        "experimentId": "1737176374599",
        "response": "f",
        "responseType": "odd",
        "digit": "8",
        "isCorrect": false,
        "timestamp": 1737176383418,
        "position": 10,
        "trialNumber": 6,
        "positionKey": "6-10",
        "blockNumber": 2
      },
      {
        "experimentId": "1737176374599",
        "response": "f",
        "responseType": "odd",
        "digit": "3",
        "isCorrect": true,
        "timestamp": 1737176383501,
        "position": 11,
        "trialNumber": 6,
        "positionKey": "6-11",
        "blockNumber": 2
      },
      {
        "experimentId": "1737176374599",
        "response": "f",
        "responseType": "odd",
        "digit": "2",
        "isCorrect": false,
        "timestamp": 1737176383584,
        "position": 12,
        "trialNumber": 6,
        "positionKey": "6-12",
        "blockNumber": 2
      },
      {
        "experimentId": "1737176374599",
        "response": "f",
        "responseType": "odd",
        "digit": "5",
        "isCorrect": true,
        "timestamp": 1737176383668,
        "position": 13,
        "trialNumber": 6,
        "positionKey": "6-13",
        "blockNumber": 2
      },
      {
        "experimentId": "1737176374599",
        "response": "f",
        "responseType": "odd",
        "digit": "1",
        "isCorrect": true,
        "timestamp": 1737176383755,
        "position": 14,
        "trialNumber": 6,
        "positionKey": "6-14",
        "blockNumber": 2
      }
    ]
  },
  {
    "trialNumber": 8,
    "sequence": "989223418529835",
    "responses": [
      {
        "experimentId": "1737176374599",
        "response": "f",
        "responseType": "odd",
        "digit": "9",
        "isCorrect": true,
        "timestamp": 1737176383835,
        "position": 0,
        "trialNumber": 7,
        "positionKey": "7-0",
        "blockNumber": 2
      },
      {
        "experimentId": "1737176374599",
        "response": "f",
        "responseType": "odd",
        "digit": "8",
        "isCorrect": false,
        "timestamp": 1737176383918,
        "position": 1,
        "trialNumber": 7,
        "positionKey": "7-1",
        "blockNumber": 2
      },
      {
        "experimentId": "1737176374599",
        "response": "f",
        "responseType": "odd",
        "digit": "9",
        "isCorrect": true,
        "timestamp": 1737176384001,
        "position": 2,
        "trialNumber": 7,
        "positionKey": "7-2",
        "blockNumber": 2
      },
      {
        "experimentId": "1737176374599",
        "response": "f",
        "responseType": "odd",
        "digit": "2",
        "isCorrect": false,
        "timestamp": 1737176384085,
        "position": 3,
        "trialNumber": 7,
        "positionKey": "7-3",
        "blockNumber": 2
      },
      {
        "experimentId": "1737176374599",
        "response": "f",
        "responseType": "odd",
        "digit": "2",
        "isCorrect": false,
        "timestamp": 1737176384168,
        "position": 4,
        "trialNumber": 7,
        "positionKey": "7-4",
        "blockNumber": 2
      },
      {
        "experimentId": "1737176374599",
        "response": "f",
        "responseType": "odd",
        "digit": "3",
        "isCorrect": true,
        "timestamp": 1737176384251,
        "position": 5,
        "trialNumber": 7,
        "positionKey": "7-5",
        "blockNumber": 2
      },
      {
        "experimentId": "1737176374599",
        "response": "f",
        "responseType": "odd",
        "digit": "4",
        "isCorrect": false,
        "timestamp": 1737176384335,
        "position": 6,
        "trialNumber": 7,
        "positionKey": "7-6",
        "blockNumber": 2
      },
      {
        "experimentId": "1737176374599",
        "response": "f",
        "responseType": "odd",
        "digit": "1",
        "isCorrect": true,
        "timestamp": 1737176384418,
        "position": 7,
        "trialNumber": 7,
        "positionKey": "7-7",
        "blockNumber": 2
      },
      {
        "experimentId": "1737176374599",
        "response": "f",
        "responseType": "odd",
        "digit": "8",
        "isCorrect": false,
        "timestamp": 1737176384501,
        "position": 8,
        "trialNumber": 7,
        "positionKey": "7-8",
        "blockNumber": 2
      },
      {
        "experimentId": "1737176374599",
        "response": "f",
        "responseType": "odd",
        "digit": "5",
        "isCorrect": true,
        "timestamp": 1737176384584,
        "position": 9,
        "trialNumber": 7,
        "positionKey": "7-9",
        "blockNumber": 2
      },
      {
        "experimentId": "1737176374599",
        "response": "f",
        "responseType": "odd",
        "digit": "2",
        "isCorrect": false,
        "timestamp": 1737176384668,
        "position": 10,
        "trialNumber": 7,
        "positionKey": "7-10",
        "blockNumber": 2
      },
      {
        "experimentId": "1737176374599",
        "response": "f",
        "responseType": "odd",
        "digit": "9",
        "isCorrect": true,
        "timestamp": 1737176384751,
        "position": 11,
        "trialNumber": 7,
        "positionKey": "7-11",
        "blockNumber": 2
      },
      {
        "experimentId": "1737176374599",
        "response": "f",
        "responseType": "odd",
        "digit": "8",
        "isCorrect": false,
        "timestamp": 1737176384834,
        "position": 12,
        "trialNumber": 7,
        "positionKey": "7-12",
        "blockNumber": 2
      },
      {
        "experimentId": "1737176374599",
        "response": "f",
        "responseType": "odd",
        "digit": "3",
        "isCorrect": true,
        "timestamp": 1737176384918,
        "position": 13,
        "trialNumber": 7,
        "positionKey": "7-13",
        "blockNumber": 2
      },
      {
        "experimentId": "1737176374599",
        "response": "f",
        "responseType": "odd",
        "digit": "5",
        "isCorrect": true,
        "timestamp": 1737176385002,
        "position": 14,
        "trialNumber": 7,
        "positionKey": "7-14",
        "blockNumber": 2
      }
    ]
  },
  {
    "trialNumber": 9,
    "sequence": "876659256383493",
    "responses": [
      {
        "experimentId": "1737176374599",
        "response": "f",
        "responseType": "odd",
        "digit": "8",
        "isCorrect": false,
        "timestamp": 1737176385084,
        "position": 0,
        "trialNumber": 8,
        "positionKey": "8-0",
        "blockNumber": 2
      },
      {
        "experimentId": "1737176374599",
        "response": "f",
        "responseType": "odd",
        "digit": "7",
        "isCorrect": true,
        "timestamp": 1737176385168,
        "position": 1,
        "trialNumber": 8,
        "positionKey": "8-1",
        "blockNumber": 2
      },
      {
        "experimentId": "1737176374599",
        "response": "f",
        "responseType": "odd",
        "digit": "6",
        "isCorrect": false,
        "timestamp": 1737176385334,
        "position": 3,
        "trialNumber": 8,
        "positionKey": "8-3",
        "blockNumber": 2
      },
      {
        "experimentId": "1737176374599",
        "response": "f",
        "responseType": "odd",
        "digit": "5",
        "isCorrect": true,
        "timestamp": 1737176385417,
        "position": 4,
        "trialNumber": 8,
        "positionKey": "8-4",
        "blockNumber": 2
      },
      {
        "experimentId": "1737176374599",
        "response": "f",
        "responseType": "odd",
        "digit": "9",
        "isCorrect": true,
        "timestamp": 1737176385501,
        "position": 5,
        "trialNumber": 8,
        "positionKey": "8-5",
        "blockNumber": 2
      },
      {
        "experimentId": "1737176374599",
        "response": "f",
        "responseType": "odd",
        "digit": "2",
        "isCorrect": false,
        "timestamp": 1737176385584,
        "position": 6,
        "trialNumber": 8,
        "positionKey": "8-6",
        "blockNumber": 2
      },
      {
        "experimentId": "1737176374599",
        "response": "f",
        "responseType": "odd",
        "digit": "5",
        "isCorrect": true,
        "timestamp": 1737176385667,
        "position": 7,
        "trialNumber": 8,
        "positionKey": "8-7",
        "blockNumber": 2
      },
      {
        "experimentId": "1737176374599",
        "response": "f",
        "responseType": "odd",
        "digit": "6",
        "isCorrect": false,
        "timestamp": 1737176385752,
        "position": 8,
        "trialNumber": 8,
        "positionKey": "8-8",
        "blockNumber": 2
      },
      {
        "experimentId": "1737176374599",
        "response": "f",
        "responseType": "odd",
        "digit": "3",
        "isCorrect": true,
        "timestamp": 1737176385836,
        "position": 9,
        "trialNumber": 8,
        "positionKey": "8-9",
        "blockNumber": 2
      },
      {
        "experimentId": "1737176374599",
        "response": "f",
        "responseType": "odd",
        "digit": "8",
        "isCorrect": false,
        "timestamp": 1737176385920,
        "position": 10,
        "trialNumber": 8,
        "positionKey": "8-10",
        "blockNumber": 2
      },
      {
        "experimentId": "1737176374599",
        "response": "f",
        "responseType": "odd",
        "digit": "3",
        "isCorrect": true,
        "timestamp": 1737176386002,
        "position": 11,
        "trialNumber": 8,
        "positionKey": "8-11",
        "blockNumber": 2
      },
      {
        "experimentId": "1737176374599",
        "response": "f",
        "responseType": "odd",
        "digit": "4",
        "isCorrect": false,
        "timestamp": 1737176386086,
        "position": 12,
        "trialNumber": 8,
        "positionKey": "8-12",
        "blockNumber": 2
      },
      {
        "experimentId": "1737176374599",
        "response": "f",
        "responseType": "odd",
        "digit": "9",
        "isCorrect": true,
        "timestamp": 1737176386170,
        "position": 13,
        "trialNumber": 8,
        "positionKey": "8-13",
        "blockNumber": 2
      },
      {
        "experimentId": "1737176374599",
        "response": "f",
        "responseType": "odd",
        "digit": "3",
        "isCorrect": true,
        "timestamp": 1737176386253,
        "position": 14,
        "trialNumber": 8,
        "positionKey": "8-14",
        "blockNumber": 2
      }
    ]
  }
]