[
  {
    "trialNumber": 1,
    "sequence": "464628233373159",
    "responses": [
      {
        "experimentId": "1737175069302",
        "response": "f",
        "responseType": "odd",
        "digit": "4",
        "isCorrect": false,
        "timestamp": 1737175069750,
        "position": 0,
        "trialNumber": 0,
        "positionKey": "0-0",
        "blockNumber": 1
      },
      {
        "experimentId": "1737175069302",
        "response": "f",
        "responseType": "odd",
        "digit": "6",
        "isCorrect": false,
        "timestamp": 1737175069833,
        "position": 1,
        "trialNumber": 0,
        "positionKey": "0-1",
        "blockNumber": 1
      },
      {
        "experimentId": "1737175069302",
        "response": "f",
        "responseType": "odd",
        "digit": "4",
        "isCorrect": false,
        "timestamp": 1737175069917,
        "position": 2,
        "trialNumber": 0,
        "positionKey": "0-2",
        "blockNumber": 1
      },
      {
        "experimentId": "1737175069302",
        "response": "f",
        "responseType": "odd",
        "digit": "6",
        "isCorrect": false,
        "timestamp": 1737175070060,
        "position": 3,
        "trialNumber": 0,
        "positionKey": "0-3",
        "blockNumber": 1
      },
      {
        "experimentId": "1737175069302",
        "response": "f",
        "responseType": "odd",
        "digit": "2",
        "isCorrect": false,
        "timestamp": 1737175070085,
        "position": 4,
        "trialNumber": 0,
        "positionKey": "0-4",
        "blockNumber": 1
      },
      {
        "experimentId": "1737175069302",
        "response": "f",
        "responseType": "odd",
        "digit": "8",
        "isCorrect": false,
        "timestamp": 1737175070169,
        "position": 5,
        "trialNumber": 0,
        "positionKey": "0-5",
        "blockNumber": 1
      },
      {
        "experimentId": "1737175069302",
        "response": "f",
        "responseType": "odd",
        "digit": "2",
        "isCorrect": false,
        "timestamp": 1737175070253,
        "position": 6,
        "trialNumber": 0,
        "positionKey": "0-6",
        "blockNumber": 1
      },
      {
        "experimentId": "1737175069302",
        "response": "f",
        "responseType": "odd",
        "digit": "3",
        "isCorrect": true,
        "timestamp": 1737175070336,
        "position": 7,
        "trialNumber": 0,
        "positionKey": "0-7",
        "blockNumber": 1
      },
      {
        "experimentId": "1737175069302",
        "response": "f",
        "responseType": "odd",
        "digit": "3",
        "isCorrect": true,
        "timestamp": 1737175070423,
        "position": 8,
        "trialNumber": 0,
        "positionKey": "0-8",
        "blockNumber": 1
      },
      {
        "experimentId": "1737175069302",
        "response": "f",
        "responseType": "odd",
        "digit": "3",
        "isCorrect": true,
        "timestamp": 1737175070503,
        "position": 9,
        "trialNumber": 0,
        "positionKey": "0-9",
        "blockNumber": 1
      },
      {
        "experimentId": "1737175069302",
        "response": "f",
        "responseType": "odd",
        "digit": "7",
        "isCorrect": true,
        "timestamp": 1737175070585,
        "position": 10,
        "trialNumber": 0,
        "positionKey": "0-10",
        "blockNumber": 1
      },
      {
        "experimentId": "1737175069302",
        "response": "f",
        "responseType": "odd",
        "digit": "3",
        "isCorrect": true,
        "timestamp": 1737175070669,
        "position": 11,
        "trialNumber": 0,
        "positionKey": "0-11",
        "blockNumber": 1
      },
      {
        "experimentId": "1737175069302",
        "response": "f",
        "responseType": "odd",
        "digit": "1",
        "isCorrect": true,
        "timestamp": 1737175070753,
        "position": 12,
        "trialNumber": 0,
        "positionKey": "0-12",
        "blockNumber": 1
      },
      {
        "experimentId": "1737175069302",
        "response": "f",
        "responseType": "odd",
        "digit": "5",
        "isCorrect": true,
        "timestamp": 1737175070836,
        "position": 13,
        "trialNumber": 0,
        "positionKey": "0-13",
        "blockNumber": 1
      },
      {
        "experimentId": "1737175069302",
        "response": "f",
        "responseType": "odd",
        "digit": "9",
        "isCorrect": true,
        "timestamp": 1737175070923,
        "position": 14,
        "trialNumber": 0,
        "positionKey": "0-14",
        "blockNumber": 1
      }
    ]
  },
  {
    "trialNumber": 2,
    "sequence": "991844625119917",
    "responses": [
      {
        "experimentId": "1737175069302",
        "response": "f",
        "responseType": "odd",
        "digit": "9",
        "isCorrect": true,
        "timestamp": 1737175071004,
        "position": 0,
        "trialNumber": 1,
        "positionKey": "1-0",
        "blockNumber": 1
      },
      {
        "experimentId": "1737175069302",
        "response": "f",
        "responseType": "odd",
        "digit": "9",
        "isCorrect": true,
        "timestamp": 1737175071088,
        "position": 1,
        "trialNumber": 1,
        "positionKey": "1-1",
        "blockNumber": 1
      },
      {
        "experimentId": "1737175069302",
        "response": "f",
        "responseType": "odd",
        "digit": "1",
        "isCorrect": true,
        "timestamp": 1737175071172,
        "position": 2,
        "trialNumber": 1,
        "positionKey": "1-2",
        "blockNumber": 1
      },
      {
        "experimentId": "1737175069302",
        "response": "f",
        "responseType": "odd",
        "digit": "8",
        "isCorrect": false,
        "timestamp": 1737175071257,
        "position": 3,
        "trialNumber": 1,
        "positionKey": "1-3",
        "blockNumber": 1
      },
      {
        "experimentId": "1737175069302",
        "response": "f",
        "responseType": "odd",
        "digit": "4",
        "isCorrect": false,
        "timestamp": 1737175071340,
        "position": 4,
        "trialNumber": 1,
        "positionKey": "1-4",
        "blockNumber": 1
      },
      {
        "experimentId": "1737175069302",
        "response": "f",
        "responseType": "odd",
        "digit": "4",
        "isCorrect": false,
        "timestamp": 1737175071425,
        "position": 5,
        "trialNumber": 1,
        "positionKey": "1-5",
        "blockNumber": 1
      },
      {
        "experimentId": "1737175069302",
        "response": "f",
        "responseType": "odd",
        "digit": "6",
        "isCorrect": false,
        "timestamp": 1737175071506,
        "position": 6,
        "trialNumber": 1,
        "positionKey": "1-6",
        "blockNumber": 1
      },
      {
        "experimentId": "1737175069302",
        "response": "f",
        "responseType": "odd",
        "digit": "2",
        "isCorrect": false,
        "timestamp": 1737175071590,
        "position": 7,
        "trialNumber": 1,
        "positionKey": "1-7",
        "blockNumber": 1
      },
      {
        "experimentId": "1737175069302",
        "response": "f",
        "responseType": "odd",
        "digit": "5",
        "isCorrect": true,
        "timestamp": 1737175071674,
        "position": 8,
        "trialNumber": 1,
        "positionKey": "1-8",
        "blockNumber": 1
      },
      {
        "experimentId": "1737175069302",
        "response": "f",
        "responseType": "odd",
        "digit": "1",
        "isCorrect": true,
        "timestamp": 1737175071758,
        "position": 9,
        "trialNumber": 1,
        "positionKey": "1-9",
        "blockNumber": 1
      },
      {
        "experimentId": "1737175069302",
        "response": "f",
        "responseType": "odd",
        "digit": "1",
        "isCorrect": true,
        "timestamp": 1737175071839,
        "position": 10,
        "trialNumber": 1,
        "positionKey": "1-10",
        "blockNumber": 1
      },
      {
        "experimentId": "1737175069302",
        "response": "f",
        "responseType": "odd",
        "digit": "9",
        "isCorrect": true,
        "timestamp": 1737175071924,
        "position": 11,
        "trialNumber": 1,
        "positionKey": "1-11",
        "blockNumber": 1
      },
      {
        "experimentId": "1737175069302",
        "response": "f",
        "responseType": "odd",
        "digit": "9",
        "isCorrect": true,
        "timestamp": 1737175072006,
        "position": 12,
        "trialNumber": 1,
        "positionKey": "1-12",
        "blockNumber": 1
      },
      {
        "experimentId": "1737175069302",
        "response": "f",
        "responseType": "odd",
        "digit": "1",
        "isCorrect": true,
        "timestamp": 1737175072090,
        "position": 13,
        "trialNumber": 1,
        "positionKey": "1-13",
        "blockNumber": 1
      },
      {
        "experimentId": "1737175069302",
        "response": "f",
        "responseType": "odd",
        "digit": "7",
        "isCorrect": true,
        "timestamp": 1737175072173,
        "position": 14,
        "trialNumber": 1,
        "positionKey": "1-14",
        "blockNumber": 1
      }
    ]
  },
  {
    "trialNumber": 3,
    "sequence": "264844299482646",
    "responses": [
      {
        "experimentId": "1737175069302",
        "response": "f",
        "responseType": "odd",
        "digit": "2",
        "isCorrect": false,
        "timestamp": 1737175072256,
        "position": 0,
        "trialNumber": 2,
        "positionKey": "2-0",
        "blockNumber": 1
      },
      {
        "experimentId": "1737175069302",
        "response": "f",
        "responseType": "odd",
        "digit": "6",
        "isCorrect": false,
        "timestamp": 1737175072340,
        "position": 1,
        "trialNumber": 2,
        "positionKey": "2-1",
        "blockNumber": 1
      },
      {
        "experimentId": "1737175069302",
        "response": "f",
        "responseType": "odd",
        "digit": "4",
        "isCorrect": false,
        "timestamp": 1737175072423,
        "position": 2,
        "trialNumber": 2,
        "positionKey": "2-2",
        "blockNumber": 1
      },
      {
        "experimentId": "1737175069302",
        "response": "f",
        "responseType": "odd",
        "digit": "8",
        "isCorrect": false,
        "timestamp": 1737175072507,
        "position": 3,
        "trialNumber": 2,
        "positionKey": "2-3",
        "blockNumber": 1
      },
      {
        "experimentId": "1737175069302",
        "response": "f",
        "responseType": "odd",
        "digit": "4",
        "isCorrect": false,
        "timestamp": 1737175072590,
        "position": 4,
        "trialNumber": 2,
        "positionKey": "2-4",
        "blockNumber": 1
      },
      {
        "experimentId": "1737175069302",
        "response": "f",
        "responseType": "odd",
        "digit": "4",
        "isCorrect": false,
        "timestamp": 1737175072674,
        "position": 5,
        "trialNumber": 2,
        "positionKey": "2-5",
        "blockNumber": 1
      },
      {
        "experimentId": "1737175069302",
        "response": "f",
        "responseType": "odd",
        "digit": "2",
        "isCorrect": false,
        "timestamp": 1737175072760,
        "position": 6,
        "trialNumber": 2,
        "positionKey": "2-6",
        "blockNumber": 1
      },
      {
        "experimentId": "1737175069302",
        "response": "f",
        "responseType": "odd",
        "digit": "9",
        "isCorrect": true,
        "timestamp": 1737175072843,
        "position": 7,
        "trialNumber": 2,
        "positionKey": "2-7",
        "blockNumber": 1
      },
      {
        "experimentId": "1737175069302",
        "response": "f",
        "responseType": "odd",
        "digit": "9",
        "isCorrect": true,
        "timestamp": 1737175072927,
        "position": 8,
        "trialNumber": 2,
        "positionKey": "2-8",
        "blockNumber": 1
      },
      {
        "experimentId": "1737175069302",
        "response": "f",
        "responseType": "odd",
        "digit": "4",
        "isCorrect": false,
        "timestamp": 1737175073008,
        "position": 9,
        "trialNumber": 2,
        "positionKey": "2-9",
        "blockNumber": 1
      },
      {
        "experimentId": "1737175069302",
        "response": "f",
        "responseType": "odd",
        "digit": "8",
        "isCorrect": false,
        "timestamp": 1737175073093,
        "position": 10,
        "trialNumber": 2,
        "positionKey": "2-10",
        "blockNumber": 1
      },
      {
        "experimentId": "1737175069302",
        "response": "f",
        "responseType": "odd",
        "digit": "2",
        "isCorrect": false,
        "timestamp": 1737175073175,
        "position": 11,
        "trialNumber": 2,
        "positionKey": "2-11",
        "blockNumber": 1
      },
      {
        "experimentId": "1737175069302",
        "response": "f",
        "responseType": "odd",
        "digit": "6",
        "isCorrect": false,
        "timestamp": 1737175073258,
        "position": 12,
        "trialNumber": 2,
        "positionKey": "2-12",
        "blockNumber": 1
      },
      {
        "experimentId": "1737175069302",
        "response": "f",
        "responseType": "odd",
        "digit": "4",
        "isCorrect": false,
        "timestamp": 1737175073343,
        "position": 13,
        "trialNumber": 2,
        "positionKey": "2-13",
        "blockNumber": 1
      },
      {
        "experimentId": "1737175069302",
        "response": "f",
        "responseType": "odd",
        "digit": "6",
        "isCorrect": false,
        "timestamp": 1737175073426,
        "position": 14,
        "trialNumber": 2,
        "positionKey": "2-14",
        "blockNumber": 1
      }
    ]
  },
  {
    "trialNumber": 4,
    "sequence": "316744886342259",
    "responses": [
      {
        "experimentId": "1737175069302",
        "response": "f",
        "responseType": "odd",
        "digit": "3",
        "isCorrect": true,
        "timestamp": 1737175073509,
        "position": 0,
        "trialNumber": 3,
        "positionKey": "3-0",
        "blockNumber": 1
      },
      {
        "experimentId": "1737175069302",
        "response": "f",
        "responseType": "odd",
        "digit": "1",
        "isCorrect": true,
        "timestamp": 1737175073592,
        "position": 1,
        "trialNumber": 3,
        "positionKey": "3-1",
        "blockNumber": 1
      },
      {
        "experimentId": "1737175069302",
        "response": "f",
        "responseType": "odd",
        "digit": "6",
        "isCorrect": false,
        "timestamp": 1737175073676,
        "position": 2,
        "trialNumber": 3,
        "positionKey": "3-2",
        "blockNumber": 1
      },
      {
        "experimentId": "1737175069302",
        "response": "f",
        "responseType": "odd",
        "digit": "7",
        "isCorrect": true,
        "timestamp": 1737175073760,
        "position": 3,
        "trialNumber": 3,
        "positionKey": "3-3",
        "blockNumber": 1
      },
      {
        "experimentId": "1737175069302",
        "response": "f",
        "responseType": "odd",
        "digit": "4",
        "isCorrect": false,
        "timestamp": 1737175073844,
        "position": 4,
        "trialNumber": 3,
        "positionKey": "3-4",
        "blockNumber": 1
      },
      {
        "experimentId": "1737175069302",
        "response": "f",
        "responseType": "odd",
        "digit": "4",
        "isCorrect": false,
        "timestamp": 1737175073928,
        "position": 5,
        "trialNumber": 3,
        "positionKey": "3-5",
        "blockNumber": 1
      },
      {
        "experimentId": "1737175069302",
        "response": "f",
        "responseType": "odd",
        "digit": "8",
        "isCorrect": false,
        "timestamp": 1737175074012,
        "position": 6,
        "trialNumber": 3,
        "positionKey": "3-6",
        "blockNumber": 1
      },
      {
        "experimentId": "1737175069302",
        "response": "f",
        "responseType": "odd",
        "digit": "8",
        "isCorrect": false,
        "timestamp": 1737175074094,
        "position": 7,
        "trialNumber": 3,
        "positionKey": "3-7",
        "blockNumber": 1
      },
      {
        "experimentId": "1737175069302",
        "response": "f",
        "responseType": "odd",
        "digit": "6",
        "isCorrect": false,
        "timestamp": 1737175074177,
        "position": 8,
        "trialNumber": 3,
        "positionKey": "3-8",
        "blockNumber": 1
      },
      {
        "experimentId": "1737175069302",
        "response": "f",
        "responseType": "odd",
        "digit": "3",
        "isCorrect": true,
        "timestamp": 1737175074260,
        "position": 9,
        "trialNumber": 3,
        "positionKey": "3-9",
        "blockNumber": 1
      },
      {
        "experimentId": "1737175069302",
        "response": "f",
        "responseType": "odd",
        "digit": "4",
        "isCorrect": false,
        "timestamp": 1737175074345,
        "position": 10,
        "trialNumber": 3,
        "positionKey": "3-10",
        "blockNumber": 1
      },
      {
        "experimentId": "1737175069302",
        "response": "f",
        "responseType": "odd",
        "digit": "2",
        "isCorrect": false,
        "timestamp": 1737175074428,
        "position": 11,
        "trialNumber": 3,
        "positionKey": "3-11",
        "blockNumber": 1
      },
      {
        "experimentId": "1737175069302",
        "response": "f",
        "responseType": "odd",
        "digit": "2",
        "isCorrect": false,
        "timestamp": 1737175074512,
        "position": 12,
        "trialNumber": 3,
        "positionKey": "3-12",
        "blockNumber": 1
      },
      {
        "experimentId": "1737175069302",
        "response": "f",
        "responseType": "odd",
        "digit": "5",
        "isCorrect": true,
        "timestamp": 1737175074596,
        "position": 13,
        "trialNumber": 3,
        "positionKey": "3-13",
        "blockNumber": 1
      },
      {
        "experimentId": "1737175069302",
        "response": "f",
        "responseType": "odd",
        "digit": "9",
        "isCorrect": true,
        "timestamp": 1737175074681,
        "position": 14,
        "trialNumber": 3,
        "positionKey": "3-14",
        "blockNumber": 1
      }
    ]
  },
  {
    "trialNumber": 5,
    "sequence": "538221687383444",
    "responses": [
      {
        "experimentId": "1737175069302",
        "response": "f",
        "responseType": "odd",
        "digit": "5",
        "isCorrect": true,
        "timestamp": 1737175074764,
        "position": 0,
        "trialNumber": 4,
        "positionKey": "4-0",
        "blockNumber": 2
      },
      {
        "experimentId": "1737175069302",
        "response": "f",
        "responseType": "odd",
        "digit": "3",
        "isCorrect": true,
        "timestamp": 1737175074848,
        "position": 1,
        "trialNumber": 4,
        "positionKey": "4-1",
        "blockNumber": 2
      },
      {
        "experimentId": "1737175069302",
        "response": "f",
        "responseType": "odd",
        "digit": "8",
        "isCorrect": false,
        "timestamp": 1737175074931,
        "position": 2,
        "trialNumber": 4,
        "positionKey": "4-2",
        "blockNumber": 2
      },
      {
        "experimentId": "1737175069302",
        "response": "f",
        "responseType": "odd",
        "digit": "2",
        "isCorrect": false,
        "timestamp": 1737175075015,
        "position": 3,
        "trialNumber": 4,
        "positionKey": "4-3",
        "blockNumber": 2
      },
      {
        "experimentId": "1737175069302",
        "response": "f",
        "responseType": "odd",
        "digit": "2",
        "isCorrect": false,
        "timestamp": 1737175075098,
        "position": 4,
        "trialNumber": 4,
        "positionKey": "4-4",
        "blockNumber": 2
      },
      {
        "experimentId": "1737175069302",
        "response": "f",
        "responseType": "odd",
        "digit": "1",
        "isCorrect": true,
        "timestamp": 1737175075181,
        "position": 5,
        "trialNumber": 4,
        "positionKey": "4-5",
        "blockNumber": 2
      },
      {
        "experimentId": "1737175069302",
        "response": "f",
        "responseType": "odd",
        "digit": "6",
        "isCorrect": false,
        "timestamp": 1737175075264,
        "position": 6,
        "trialNumber": 4,
        "positionKey": "4-6",
        "blockNumber": 2
      },
      {
        "experimentId": "1737175069302",
        "response": "f",
        "responseType": "odd",
        "digit": "8",
        "isCorrect": false,
        "timestamp": 1737175075348,
        "position": 7,
        "trialNumber": 4,
        "positionKey": "4-7",
        "blockNumber": 2
      },
      {
        "experimentId": "1737175069302",
        "response": "f",
        "responseType": "odd",
        "digit": "7",
        "isCorrect": true,
        "timestamp": 1737175075431,
        "position": 8,
        "trialNumber": 4,
        "positionKey": "4-8",
        "blockNumber": 2
      },
      {
        "experimentId": "1737175069302",
        "response": "f",
        "responseType": "odd",
        "digit": "3",
        "isCorrect": true,
        "timestamp": 1737175075517,
        "position": 9,
        "trialNumber": 4,
        "positionKey": "4-9",
        "blockNumber": 2
      },
      {
        "experimentId": "1737175069302",
        "response": "f",
        "responseType": "odd",
        "digit": "8",
        "isCorrect": false,
        "timestamp": 1737175075601,
        "position": 10,
        "trialNumber": 4,
        "positionKey": "4-10",
        "blockNumber": 2
      },
      {
        "experimentId": "1737175069302",
        "response": "f",
        "responseType": "odd",
        "digit": "3",
        "isCorrect": true,
        "timestamp": 1737175075684,
        "position": 11,
        "trialNumber": 4,
        "positionKey": "4-11",
        "blockNumber": 2
      },
      {
        "experimentId": "1737175069302",
        "response": "f",
        "responseType": "odd",
        "digit": "4",
        "isCorrect": false,
        "timestamp": 1737175075768,
        "position": 12,
        "trialNumber": 4,
        "positionKey": "4-12",
        "blockNumber": 2
      },
      {
        "experimentId": "1737175069302",
        "response": "f",
        "responseType": "odd",
        "digit": "4",
        "isCorrect": false,
        "timestamp": 1737175075852,
        "position": 13,
        "trialNumber": 4,
        "positionKey": "4-13",
        "blockNumber": 2
      },
      {
        "experimentId": "1737175069302",
        "response": "f",
        "responseType": "odd",
        "digit": "4",
        "isCorrect": false,
        "timestamp": 1737175075937,
        "position": 14,
        "trialNumber": 4,
        "positionKey": "4-14",
        "blockNumber": 2
      }
    ]
  },
  {
    "trialNumber": 6,
    "sequence": "596874576674468",
    "responses": [
      {
        "experimentId": "1737175069302",
        "response": "f",
        "responseType": "odd",
        "digit": "5",
        "isCorrect": true,
        "timestamp": 1737175076019,
        "position": 0,
        "trialNumber": 5,
        "positionKey": "5-0",
        "blockNumber": 2
      },
      {
        "experimentId": "1737175069302",
        "response": "f",
        "responseType": "odd",
        "digit": "9",
        "isCorrect": true,
        "timestamp": 1737175076103,
        "position": 1,
        "trialNumber": 5,
        "positionKey": "5-1",
        "blockNumber": 2
      },
      {
        "experimentId": "1737175069302",
        "response": "f",
        "responseType": "odd",
        "digit": "6",
        "isCorrect": false,
        "timestamp": 1737175076186,
        "position": 2,
        "trialNumber": 5,
        "positionKey": "5-2",
        "blockNumber": 2
      },
      {
        "experimentId": "1737175069302",
        "response": "f",
        "responseType": "odd",
        "digit": "8",
        "isCorrect": false,
        "timestamp": 1737175076269,
        "position": 3,
        "trialNumber": 5,
        "positionKey": "5-3",
        "blockNumber": 2
      },
      {
        "experimentId": "1737175069302",
        "response": "f",
        "responseType": "odd",
        "digit": "7",
        "isCorrect": true,
        "timestamp": 1737175076353,
        "position": 4,
        "trialNumber": 5,
        "positionKey": "5-4",
        "blockNumber": 2
      },
      {
        "experimentId": "1737175069302",
        "response": "f",
        "responseType": "odd",
        "digit": "4",
        "isCorrect": false,
        "timestamp": 1737175076437,
        "position": 5,
        "trialNumber": 5,
        "positionKey": "5-5",
        "blockNumber": 2
      },
      {
        "experimentId": "1737175069302",
        "response": "f",
        "responseType": "odd",
        "digit": "5",
        "isCorrect": true,
        "timestamp": 1737175076519,
        "position": 6,
        "trialNumber": 5,
        "positionKey": "5-6",
        "blockNumber": 2
      },
      {
        "experimentId": "1737175069302",
        "response": "f",
        "responseType": "odd",
        "digit": "7",
        "isCorrect": true,
        "timestamp": 1737175076602,
        "position": 7,
        "trialNumber": 5,
        "positionKey": "5-7",
        "blockNumber": 2
      },
      {
        "experimentId": "1737175069302",
        "response": "f",
        "responseType": "odd",
        "digit": "6",
        "isCorrect": false,
        "timestamp": 1737175076687,
        "position": 8,
        "trialNumber": 5,
        "positionKey": "5-8",
        "blockNumber": 2
      },
      {
        "experimentId": "1737175069302",
        "response": "f",
        "responseType": "odd",
        "digit": "6",
        "isCorrect": false,
        "timestamp": 1737175076770,
        "position": 9,
        "trialNumber": 5,
        "positionKey": "5-9",
        "blockNumber": 2
      },
      {
        "experimentId": "1737175069302",
        "response": "f",
        "responseType": "odd",
        "digit": "7",
        "isCorrect": true,
        "timestamp": 1737175076853,
        "position": 10,
        "trialNumber": 5,
        "positionKey": "5-10",
        "blockNumber": 2
      },
      {
        "experimentId": "1737175069302",
        "response": "f",
        "responseType": "odd",
        "digit": "4",
        "isCorrect": false,
        "timestamp": 1737175076935,
        "position": 11,
        "trialNumber": 5,
        "positionKey": "5-11",
        "blockNumber": 2
      },
      {
        "experimentId": "1737175069302",
        "response": "f",
        "responseType": "odd",
        "digit": "4",
        "isCorrect": false,
        "timestamp": 1737175077019,
        "position": 12,
        "trialNumber": 5,
        "positionKey": "5-12",
        "blockNumber": 2
      },
      {
        "experimentId": "1737175069302",
        "response": "f",
        "responseType": "odd",
        "digit": "6",
        "isCorrect": false,
        "timestamp": 1737175077103,
        "position": 13,
        "trialNumber": 5,
        "positionKey": "5-13",
        "blockNumber": 2
      },
      {
        "experimentId": "1737175069302",
        "response": "f",
        "responseType": "odd",
        "digit": "8",
        "isCorrect": false,
        "timestamp": 1737175077186,
        "position": 14,
        "trialNumber": 5,
        "positionKey": "5-14",
        "blockNumber": 2
      }
    ]
  },
  {
    "trialNumber": 7,
    "sequence": "562549831836526",
    "responses": [
      {
        "experimentId": "1737175069302",
        "response": "f",
        "responseType": "odd",
        "digit": "5",
        "isCorrect": true,
        "timestamp": 1737175077269,
        "position": 0,
        "trialNumber": 6,
        "positionKey": "6-0",
        "blockNumber": 2
      },
      {
        "experimentId": "1737175069302",
        "response": "f",
        "responseType": "odd",
        "digit": "6",
        "isCorrect": false,
        "timestamp": 1737175077352,
        "position": 1,
        "trialNumber": 6,
        "positionKey": "6-1",
        "blockNumber": 2
      },
      {
        "experimentId": "1737175069302",
        "response": "f",
        "responseType": "odd",
        "digit": "2",
        "isCorrect": false,
        "timestamp": 1737175077435,
        "position": 2,
        "trialNumber": 6,
        "positionKey": "6-2",
        "blockNumber": 2
      },
      {
        "experimentId": "1737175069302",
        "response": "f",
        "responseType": "odd",
        "digit": "5",
        "isCorrect": true,
        "timestamp": 1737175077519,
        "position": 3,
        "trialNumber": 6,
        "positionKey": "6-3",
        "blockNumber": 2
      },
      {
        "experimentId": "1737175069302",
        "response": "f",
        "responseType": "odd",
        "digit": "4",
        "isCorrect": false,
        "timestamp": 1737175077602,
        "position": 4,
        "trialNumber": 6,
        "positionKey": "6-4",
        "blockNumber": 2
      },
      {
        "experimentId": "1737175069302",
        "response": "f",
        "responseType": "odd",
        "digit": "9",
        "isCorrect": true,
        "timestamp": 1737175077684,
        "position": 5,
        "trialNumber": 6,
        "positionKey": "6-5",
        "blockNumber": 2
      },
      {
        "experimentId": "1737175069302",
        "response": "f",
        "responseType": "odd",
        "digit": "8",
        "isCorrect": false,
        "timestamp": 1737175077768,
        "position": 6,
        "trialNumber": 6,
        "positionKey": "6-6",
        "blockNumber": 2
      },
      {
        "experimentId": "1737175069302",
        "response": "f",
        "responseType": "odd",
        "digit": "3",
        "isCorrect": true,
        "timestamp": 1737175077851,
        "position": 7,
        "trialNumber": 6,
        "positionKey": "6-7",
        "blockNumber": 2
      },
      {
        "experimentId": "1737175069302",
        "response": "f",
        "responseType": "odd",
        "digit": "1",
        "isCorrect": true,
        "timestamp": 1737175077935,
        "position": 8,
        "trialNumber": 6,
        "positionKey": "6-8",
        "blockNumber": 2
      },
      {
        "experimentId": "1737175069302",
        "response": "f",
        "responseType": "odd",
        "digit": "8",
        "isCorrect": false,
        "timestamp": 1737175078019,
        "position": 9,
        "trialNumber": 6,
        "positionKey": "6-9",
        "blockNumber": 2
      },
      {
        "experimentId": "1737175069302",
        "response": "f",
        "responseType": "odd",
        "digit": "3",
        "isCorrect": true,
        "timestamp": 1737175078103,
        "position": 10,
        "trialNumber": 6,
        "positionKey": "6-10",
        "blockNumber": 2
      },
      {
        "experimentId": "1737175069302",
        "response": "f",
        "responseType": "odd",
        "digit": "6",
        "isCorrect": false,
        "timestamp": 1737175078185,
        "position": 11,
        "trialNumber": 6,
        "positionKey": "6-11",
        "blockNumber": 2
      },
      {
        "experimentId": "1737175069302",
        "response": "f",
        "responseType": "odd",
        "digit": "5",
        "isCorrect": true,
        "timestamp": 1737175078268,
        "position": 12,
        "trialNumber": 6,
        "positionKey": "6-12",
        "blockNumber": 2
      },
      {
        "experimentId": "1737175069302",
        "response": "f",
        "responseType": "odd",
        "digit": "2",
        "isCorrect": false,
        "timestamp": 1737175078352,
        "position": 13,
        "trialNumber": 6,
        "positionKey": "6-13",
        "blockNumber": 2
      },
      {
        "experimentId": "1737175069302",
        "response": "f",
        "responseType": "odd",
        "digit": "6",
        "isCorrect": false,
        "timestamp": 1737175078435,
        "position": 14,
        "trialNumber": 6,
        "positionKey": "6-14",
        "blockNumber": 2
      }
    ]
  },
  {
    "trialNumber": 8,
    "sequence": "981878983616837",
    "responses": [
      {
        "experimentId": "1737175069302",
        "response": "f",
        "responseType": "odd",
        "digit": "9",
        "isCorrect": true,
        "timestamp": 1737175078518,
        "position": 0,
        "trialNumber": 7,
        "positionKey": "7-0",
        "blockNumber": 3
      },
      {
        "experimentId": "1737175069302",
        "response": "f",
        "responseType": "odd",
        "digit": "8",
        "isCorrect": false,
        "timestamp": 1737175078602,
        "position": 1,
        "trialNumber": 7,
        "positionKey": "7-1",
        "blockNumber": 3
      },
      {
        "experimentId": "1737175069302",
        "response": "f",
        "responseType": "odd",
        "digit": "1",
        "isCorrect": true,
        "timestamp": 1737175078685,
        "position": 2,
        "trialNumber": 7,
        "positionKey": "7-2",
        "blockNumber": 3
      },
      {
        "experimentId": "1737175069302",
        "response": "f",
        "responseType": "odd",
        "digit": "8",
        "isCorrect": false,
        "timestamp": 1737175078769,
        "position": 3,
        "trialNumber": 7,
        "positionKey": "7-3",
        "blockNumber": 3
      },
      {
        "experimentId": "1737175069302",
        "response": "f",
        "responseType": "odd",
        "digit": "7",
        "isCorrect": true,
        "timestamp": 1737175078851,
        "position": 4,
        "trialNumber": 7,
        "positionKey": "7-4",
        "blockNumber": 3
      },
      {
        "experimentId": "1737175069302",
        "response": "f",
        "responseType": "odd",
        "digit": "8",
        "isCorrect": false,
        "timestamp": 1737175078935,
        "position": 5,
        "trialNumber": 7,
        "positionKey": "7-5",
        "blockNumber": 3
      },
      {
        "experimentId": "1737175069302",
        "response": "f",
        "responseType": "odd",
        "digit": "9",
        "isCorrect": true,
        "timestamp": 1737175079020,
        "position": 6,
        "trialNumber": 7,
        "positionKey": "7-6",
        "blockNumber": 3
      },
      {
        "experimentId": "1737175069302",
        "response": "f",
        "responseType": "odd",
        "digit": "8",
        "isCorrect": false,
        "timestamp": 1737175079101,
        "position": 7,
        "trialNumber": 7,
        "positionKey": "7-7",
        "blockNumber": 3
      },
      {
        "experimentId": "1737175069302",
        "response": "f",
        "responseType": "odd",
        "digit": "3",
        "isCorrect": true,
        "timestamp": 1737175079184,
        "position": 8,
        "trialNumber": 7,
        "positionKey": "7-8",
        "blockNumber": 3
      },
      {
        "experimentId": "1737175069302",
        "response": "f",
        "responseType": "odd",
        "digit": "6",
        "isCorrect": false,
        "timestamp": 1737175079269,
        "position": 9,
        "trialNumber": 7,
        "positionKey": "7-9",
        "blockNumber": 3
      },
      {
        "experimentId": "1737175069302",
        "response": "f",
        "responseType": "odd",
        "digit": "1",
        "isCorrect": true,
        "timestamp": 1737175079351,
        "position": 10,
        "trialNumber": 7,
        "positionKey": "7-10",
        "blockNumber": 3
      },
      {
        "experimentId": "1737175069302",
        "response": "f",
        "responseType": "odd",
        "digit": "6",
        "isCorrect": false,
        "timestamp": 1737175079436,
        "position": 11,
        "trialNumber": 7,
        "positionKey": "7-11",
        "blockNumber": 3
      },
      {
        "experimentId": "1737175069302",
        "response": "f",
        "responseType": "odd",
        "digit": "8",
        "isCorrect": false,
        "timestamp": 1737175079519,
        "position": 12,
        "trialNumber": 7,
        "positionKey": "7-12",
        "blockNumber": 3
      },
      {
        "experimentId": "1737175069302",
        "response": "f",
        "responseType": "odd",
        "digit": "3",
        "isCorrect": true,
        "timestamp": 1737175079602,
        "position": 13,
        "trialNumber": 7,
        "positionKey": "7-13",
        "blockNumber": 3
      },
      {
        "experimentId": "1737175069302",
        "response": "f",
        "responseType": "odd",
        "digit": "7",
        "isCorrect": true,
        "timestamp": 1737175079686,
        "position": 14,
        "trialNumber": 7,
        "positionKey": "7-14",
        "blockNumber": 3
      }
    ]
  },
  {
    "trialNumber": 9,
    "sequence": "385878929634384",
    "responses": [
      {
        "experimentId": "1737175069302",
        "response": "f",
        "responseType": "odd",
        "digit": "3",
        "isCorrect": true,
        "timestamp": 1737175079769,
        "position": 0,
        "trialNumber": 8,
        "positionKey": "8-0",
        "blockNumber": 3
      },
      {
        "experimentId": "1737175069302",
        "response": "f",
        "responseType": "odd",
        "digit": "8",
        "isCorrect": false,
        "timestamp": 1737175079852,
        "position": 1,
        "trialNumber": 8,
        "positionKey": "8-1",
        "blockNumber": 3
      },
      {
        "experimentId": "1737175069302",
        "response": "f",
        "responseType": "odd",
        "digit": "5",
        "isCorrect": true,
        "timestamp": 1737175079935,
        "position": 2,
        "trialNumber": 8,
        "positionKey": "8-2",
        "blockNumber": 3
      },
      {
        "experimentId": "1737175069302",
        "response": "f",
        "responseType": "odd",
        "digit": "8",
        "isCorrect": false,
        "timestamp": 1737175080019,
        "position": 3,
        "trialNumber": 8,
        "positionKey": "8-3",
        "blockNumber": 3
      },
      {
        "experimentId": "1737175069302",
        "response": "f",
        "responseType": "odd",
        "digit": "7",
        "isCorrect": true,
        "timestamp": 1737175080102,
        "position": 4,
        "trialNumber": 8,
        "positionKey": "8-4",
        "blockNumber": 3
      },
      {
        "experimentId": "1737175069302",
        "response": "f",
        "responseType": "odd",
        "digit": "8",
        "isCorrect": false,
        "timestamp": 1737175080186,
        "position": 5,
        "trialNumber": 8,
        "positionKey": "8-5",
        "blockNumber": 3
      },
      {
        "experimentId": "1737175069302",
        "response": "f",
        "responseType": "odd",
        "digit": "9",
        "isCorrect": true,
        "timestamp": 1737175080269,
        "position": 6,
        "trialNumber": 8,
        "positionKey": "8-6",
        "blockNumber": 3
      },
      {
        "experimentId": "1737175069302",
        "response": "f",
        "responseType": "odd",
        "digit": "2",
        "isCorrect": false,
        "timestamp": 1737175080354,
        "position": 7,
        "trialNumber": 8,
        "positionKey": "8-7",
        "blockNumber": 3
      },
      {
        "experimentId": "1737175069302",
        "response": "f",
        "responseType": "odd",
        "digit": "9",
        "isCorrect": true,
        "timestamp": 1737175080437,
        "position": 8,
        "trialNumber": 8,
        "positionKey": "8-8",
        "blockNumber": 3
      },
      {
        "experimentId": "1737175069302",
        "response": "f",
        "responseType": "odd",
        "digit": "6",
        "isCorrect": false,
        "timestamp": 1737175080523,
        "position": 9,
        "trialNumber": 8,
        "positionKey": "8-9",
        "blockNumber": 3
      },
      {
        "experimentId": "1737175069302",
        "response": "f",
        "responseType": "odd",
        "digit": "3",
        "isCorrect": true,
        "timestamp": 1737175080606,
        "position": 10,
        "trialNumber": 8,
        "positionKey": "8-10",
        "blockNumber": 3
      },
      {
        "experimentId": "1737175069302",
        "response": "f",
        "responseType": "odd",
        "digit": "4",
        "isCorrect": false,
        "timestamp": 1737175080690,
        "position": 11,
        "trialNumber": 8,
        "positionKey": "8-11",
        "blockNumber": 3
      },
      {
        "experimentId": "1737175069302",
        "response": "f",
        "responseType": "odd",
        "digit": "3",
        "isCorrect": true,
        "timestamp": 1737175080774,
        "position": 12,
        "trialNumber": 8,
        "positionKey": "8-12",
        "blockNumber": 3
      },
      {
        "experimentId": "1737175069302",
        "response": "f",
        "responseType": "odd",
        "digit": "8",
        "isCorrect": false,
        "timestamp": 1737175080855,
        "position": 13,
        "trialNumber": 8,
        "positionKey": "8-13",
        "blockNumber": 3
      },
      {
        "experimentId": "1737175069302",
        "response": "f",
        "responseType": "odd",
        "digit": "4",
        "isCorrect": false,
        "timestamp": 1737175080939,
        "position": 14,
        "trialNumber": 8,
        "positionKey": "8-14",
        "blockNumber": 3
      }
    ]
  }
]