[
  {
    "trialNumber": 1,
    "sequence": "719443215471728",
    "responses": [
      {
        "experimentId": "1739342542000",
        "response": "f",
        "responseType": "odd",
        "digit": "7",
        "isCorrect": true,
        "timestamp": 1739342542497,
        "position": 0,
        "trialNumber": 0,
        "positionKey": "0-0"
      },
      {
        "experimentId": "1739342542000",
        "response": "f",
        "responseType": "odd",
        "digit": "1",
        "isCorrect": true,
        "timestamp": 1739342542995,
        "position": 1,
        "trialNumber": 0,
        "positionKey": "0-1"
      },
      {
        "experimentId": "1739342542000",
        "response": "f",
        "responseType": "odd",
        "digit": "9",
        "isCorrect": true,
        "timestamp": 1739342543080,
        "position": 2,
        "trialNumber": 0,
        "positionKey": "0-2"
      },
      {
        "experimentId": "1739342542000",
        "response": "f",
        "responseType": "odd",
        "digit": "4",
        "isCorrect": false,
        "timestamp": 1739342543165,
        "position": 3,
        "trialNumber": 0,
        "positionKey": "0-3"
      },
      {
        "experimentId": "1739342542000",
        "response": "f",
        "responseType": "odd",
        "digit": "4",
        "isCorrect": false,
        "timestamp": 1739342543248,
        "position": 4,
        "trialNumber": 0,
        "positionKey": "0-4"
      },
      {
        "experimentId": "1739342542000",
        "response": "f",
        "responseType": "odd",
        "digit": "3",
        "isCorrect": true,
        "timestamp": 1739342543331,
        "position": 5,
        "trialNumber": 0,
        "positionKey": "0-5"
      },
      {
        "experimentId": "1739342542000",
        "response": "f",
        "responseType": "odd",
        "digit": "2",
        "isCorrect": false,
        "timestamp": 1739342543414,
        "position": 6,
        "trialNumber": 0,
        "positionKey": "0-6"
      },
      {
        "experimentId": "1739342542000",
        "response": "f",
        "responseType": "odd",
        "digit": "1",
        "isCorrect": true,
        "timestamp": 1739342543499,
        "position": 7,
        "trialNumber": 0,
        "positionKey": "0-7"
      },
      {
        "experimentId": "1739342542000",
        "response": "f",
        "responseType": "odd",
        "digit": "5",
        "isCorrect": true,
        "timestamp": 1739342543582,
        "position": 8,
        "trialNumber": 0,
        "positionKey": "0-8"
      },
      {
        "experimentId": "1739342542000",
        "response": "f",
        "responseType": "odd",
        "digit": "4",
        "isCorrect": false,
        "timestamp": 1739342543666,
        "position": 9,
        "trialNumber": 0,
        "positionKey": "0-9"
      },
      {
        "experimentId": "1739342542000",
        "response": "f",
        "responseType": "odd",
        "digit": "7",
        "isCorrect": true,
        "timestamp": 1739342543749,
        "position": 10,
        "trialNumber": 0,
        "positionKey": "0-10"
      },
      {
        "experimentId": "1739342542000",
        "response": "f",
        "responseType": "odd",
        "digit": "1",
        "isCorrect": true,
        "timestamp": 1739342543833,
        "position": 11,
        "trialNumber": 0,
        "positionKey": "0-11"
      },
      {
        "experimentId": "1739342542000",
        "response": "f",
        "responseType": "odd",
        "digit": "7",
        "isCorrect": true,
        "timestamp": 1739342543917,
        "position": 12,
        "trialNumber": 0,
        "positionKey": "0-12"
      },
      {
        "experimentId": "1739342542000",
        "response": "f",
        "responseType": "odd",
        "digit": "2",
        "isCorrect": false,
        "timestamp": 1739342544002,
        "position": 13,
        "trialNumber": 0,
        "positionKey": "0-13"
      },
      {
        "experimentId": "1739342542000",
        "response": "f",
        "responseType": "odd",
        "digit": "8",
        "isCorrect": false,
        "timestamp": 1739342544084,
        "position": 14,
        "trialNumber": 0,
        "positionKey": "0-14"
      }
    ]
  },
  {
    "trialNumber": 2,
    "sequence": "214921892492982",
    "responses": [
      {
        "experimentId": "1739342542000",
        "response": "f",
        "responseType": "odd",
        "digit": "2",
        "isCorrect": false,
        "timestamp": 1739342544167,
        "position": 0,
        "trialNumber": 1,
        "positionKey": "1-0"
      },
      {
        "experimentId": "1739342542000",
        "response": "f",
        "responseType": "odd",
        "digit": "1",
        "isCorrect": true,
        "timestamp": 1739342544252,
        "position": 1,
        "trialNumber": 1,
        "positionKey": "1-1"
      },
      {
        "experimentId": "1739342542000",
        "response": "f",
        "responseType": "odd",
        "digit": "4",
        "isCorrect": false,
        "timestamp": 1739342544335,
        "position": 2,
        "trialNumber": 1,
        "positionKey": "1-2"
      },
      {
        "experimentId": "1739342542000",
        "response": "f",
        "responseType": "odd",
        "digit": "9",
        "isCorrect": true,
        "timestamp": 1739342544418,
        "position": 3,
        "trialNumber": 1,
        "positionKey": "1-3"
      },
      {
        "experimentId": "1739342542000",
        "response": "f",
        "responseType": "odd",
        "digit": "2",
        "isCorrect": false,
        "timestamp": 1739342544501,
        "position": 4,
        "trialNumber": 1,
        "positionKey": "1-4"
      },
      {
        "experimentId": "1739342542000",
        "response": "f",
        "responseType": "odd",
        "digit": "1",
        "isCorrect": true,
        "timestamp": 1739342544585,
        "position": 5,
        "trialNumber": 1,
        "positionKey": "1-5"
      },
      {
        "experimentId": "1739342542000",
        "response": "f",
        "responseType": "odd",
        "digit": "8",
        "isCorrect": false,
        "timestamp": 1739342544669,
        "position": 6,
        "trialNumber": 1,
        "positionKey": "1-6"
      },
      {
        "experimentId": "1739342542000",
        "response": "f",
        "responseType": "odd",
        "digit": "9",
        "isCorrect": true,
        "timestamp": 1739342544751,
        "position": 7,
        "trialNumber": 1,
        "positionKey": "1-7"
      },
      {
        "experimentId": "1739342542000",
        "response": "f",
        "responseType": "odd",
        "digit": "2",
        "isCorrect": false,
        "timestamp": 1739342544835,
        "position": 8,
        "trialNumber": 1,
        "positionKey": "1-8"
      },
      {
        "experimentId": "1739342542000",
        "response": "f",
        "responseType": "odd",
        "digit": "4",
        "isCorrect": false,
        "timestamp": 1739342544919,
        "position": 9,
        "trialNumber": 1,
        "positionKey": "1-9"
      },
      {
        "experimentId": "1739342542000",
        "response": "f",
        "responseType": "odd",
        "digit": "9",
        "isCorrect": true,
        "timestamp": 1739342545001,
        "position": 10,
        "trialNumber": 1,
        "positionKey": "1-10"
      },
      {
        "experimentId": "1739342542000",
        "response": "f",
        "responseType": "odd",
        "digit": "2",
        "isCorrect": false,
        "timestamp": 1739342545088,
        "position": 11,
        "trialNumber": 1,
        "positionKey": "1-11"
      },
      {
        "experimentId": "1739342542000",
        "response": "f",
        "responseType": "odd",
        "digit": "9",
        "isCorrect": true,
        "timestamp": 1739342545170,
        "position": 12,
        "trialNumber": 1,
        "positionKey": "1-12"
      },
      {
        "experimentId": "1739342542000",
        "response": "f",
        "responseType": "odd",
        "digit": "8",
        "isCorrect": false,
        "timestamp": 1739342545255,
        "position": 13,
        "trialNumber": 1,
        "positionKey": "1-13"
      },
      {
        "experimentId": "1739342542000",
        "response": "f",
        "responseType": "odd",
        "digit": "2",
        "isCorrect": false,
        "timestamp": 1739342545336,
        "position": 14,
        "trialNumber": 1,
        "positionKey": "1-14"
      }
    ]
  },
  {
    "trialNumber": 3,
    "sequence": "795937265513919",
    "responses": [
      {
        "experimentId": "1739342542000",
        "response": "f",
        "responseType": "odd",
        "digit": "7",
        "isCorrect": true,
        "timestamp": 1739342545418,
        "position": 0,
        "trialNumber": 2,
        "positionKey": "2-0"
      },
      {
        "experimentId": "1739342542000",
        "response": "f",
        "responseType": "odd",
        "digit": "9",
        "isCorrect": true,
        "timestamp": 1739342545506,
        "position": 1,
        "trialNumber": 2,
        "positionKey": "2-1"
      },
      {
        "experimentId": "1739342542000",
        "response": "f",
        "responseType": "odd",
        "digit": "5",
        "isCorrect": true,
        "timestamp": 1739342545589,
        "position": 2,
        "trialNumber": 2,
        "positionKey": "2-2"
      },
      {
        "experimentId": "1739342542000",
        "response": "f",
        "responseType": "odd",
        "digit": "9",
        "isCorrect": true,
        "timestamp": 1739342545673,
        "position": 3,
        "trialNumber": 2,
        "positionKey": "2-3"
      },
      {
        "experimentId": "1739342542000",
        "response": "f",
        "responseType": "odd",
        "digit": "3",
        "isCorrect": true,
        "timestamp": 1739342545755,
        "position": 4,
        "trialNumber": 2,
        "positionKey": "2-4"
      },
      {
        "experimentId": "1739342542000",
        "response": "f",
        "responseType": "odd",
        "digit": "7",
        "isCorrect": true,
        "timestamp": 1739342545838,
        "position": 5,
        "trialNumber": 2,
        "positionKey": "2-5"
      },
      {
        "experimentId": "1739342542000",
        "response": "f",
        "responseType": "odd",
        "digit": "2",
        "isCorrect": false,
        "timestamp": 1739342545920,
        "position": 6,
        "trialNumber": 2,
        "positionKey": "2-6"
      },
      {
        "experimentId": "1739342542000",
        "response": "f",
        "responseType": "odd",
        "digit": "6",
        "isCorrect": false,
        "timestamp": 1739342546002,
        "position": 7,
        "trialNumber": 2,
        "positionKey": "2-7"
      },
      {
        "experimentId": "1739342542000",
        "response": "f",
        "responseType": "odd",
        "digit": "5",
        "isCorrect": true,
        "timestamp": 1739342546085,
        "position": 8,
        "trialNumber": 2,
        "positionKey": "2-8"
      },
      {
        "experimentId": "1739342542000",
        "response": "f",
        "responseType": "odd",
        "digit": "5",
        "isCorrect": true,
        "timestamp": 1739342546168,
        "position": 9,
        "trialNumber": 2,
        "positionKey": "2-9"
      },
      {
        "experimentId": "1739342542000",
        "response": "f",
        "responseType": "odd",
        "digit": "1",
        "isCorrect": true,
        "timestamp": 1739342546251,
        "position": 10,
        "trialNumber": 2,
        "positionKey": "2-10"
      },
      {
        "experimentId": "1739342542000",
        "response": "f",
        "responseType": "odd",
        "digit": "3",
        "isCorrect": true,
        "timestamp": 1739342546335,
        "position": 11,
        "trialNumber": 2,
        "positionKey": "2-11"
      },
      {
        "experimentId": "1739342542000",
        "response": "f",
        "responseType": "odd",
        "digit": "9",
        "isCorrect": true,
        "timestamp": 1739342546418,
        "position": 12,
        "trialNumber": 2,
        "positionKey": "2-12"
      },
      {
        "experimentId": "1739342542000",
        "response": "f",
        "responseType": "odd",
        "digit": "1",
        "isCorrect": true,
        "timestamp": 1739342546501,
        "position": 13,
        "trialNumber": 2,
        "positionKey": "2-13"
      },
      {
        "experimentId": "1739342542000",
        "response": "f",
        "responseType": "odd",
        "digit": "9",
        "isCorrect": true,
        "timestamp": 1739342546585,
        "position": 14,
        "trialNumber": 2,
        "positionKey": "2-14"
      }
    ]
  },
  {
    "trialNumber": 4,
    "sequence": "945438294456184",
    "responses": [
      {
        "experimentId": "1739342542000",
        "response": "f",
        "responseType": "odd",
        "digit": "9",
        "isCorrect": true,
        "timestamp": 1739342546668,
        "position": 0,
        "trialNumber": 3,
        "positionKey": "3-0"
      },
      {
        "experimentId": "1739342542000",
        "response": "f",
        "responseType": "odd",
        "digit": "4",
        "isCorrect": false,
        "timestamp": 1739342546751,
        "position": 1,
        "trialNumber": 3,
        "positionKey": "3-1"
      },
      {
        "experimentId": "1739342542000",
        "response": "f",
        "responseType": "odd",
        "digit": "5",
        "isCorrect": true,
        "timestamp": 1739342546835,
        "position": 2,
        "trialNumber": 3,
        "positionKey": "3-2"
      },
      {
        "experimentId": "1739342542000",
        "response": "f",
        "responseType": "odd",
        "digit": "4",
        "isCorrect": false,
        "timestamp": 1739342546918,
        "position": 3,
        "trialNumber": 3,
        "positionKey": "3-3"
      },
      {
        "experimentId": "1739342542000",
        "response": "f",
        "responseType": "odd",
        "digit": "3",
        "isCorrect": true,
        "timestamp": 1739342547001,
        "position": 4,
        "trialNumber": 3,
        "positionKey": "3-4"
      },
      {
        "experimentId": "1739342542000",
        "response": "f",
        "responseType": "odd",
        "digit": "8",
        "isCorrect": false,
        "timestamp": 1739342547085,
        "position": 5,
        "trialNumber": 3,
        "positionKey": "3-5"
      },
      {
        "experimentId": "1739342542000",
        "response": "f",
        "responseType": "odd",
        "digit": "2",
        "isCorrect": false,
        "timestamp": 1739342547168,
        "position": 6,
        "trialNumber": 3,
        "positionKey": "3-6"
      },
      {
        "experimentId": "1739342542000",
        "response": "f",
        "responseType": "odd",
        "digit": "9",
        "isCorrect": true,
        "timestamp": 1739342547251,
        "position": 7,
        "trialNumber": 3,
        "positionKey": "3-7"
      },
      {
        "experimentId": "1739342542000",
        "response": "f",
        "responseType": "odd",
        "digit": "4",
        "isCorrect": false,
        "timestamp": 1739342547335,
        "position": 8,
        "trialNumber": 3,
        "positionKey": "3-8"
      },
      {
        "experimentId": "1739342542000",
        "response": "f",
        "responseType": "odd",
        "digit": "4",
        "isCorrect": false,
        "timestamp": 1739342547418,
        "position": 9,
        "trialNumber": 3,
        "positionKey": "3-9"
      },
      {
        "experimentId": "1739342542000",
        "response": "f",
        "responseType": "odd",
        "digit": "5",
        "isCorrect": true,
        "timestamp": 1739342547501,
        "position": 10,
        "trialNumber": 3,
        "positionKey": "3-10"
      },
      {
        "experimentId": "1739342542000",
        "response": "f",
        "responseType": "odd",
        "digit": "6",
        "isCorrect": false,
        "timestamp": 1739342547585,
        "position": 11,
        "trialNumber": 3,
        "positionKey": "3-11"
      },
      {
        "experimentId": "1739342542000",
        "response": "f",
        "responseType": "odd",
        "digit": "1",
        "isCorrect": true,
        "timestamp": 1739342547667,
        "position": 12,
        "trialNumber": 3,
        "positionKey": "3-12"
      },
      {
        "experimentId": "1739342542000",
        "response": "f",
        "responseType": "odd",
        "digit": "8",
        "isCorrect": false,
        "timestamp": 1739342547751,
        "position": 13,
        "trialNumber": 3,
        "positionKey": "3-13"
      },
      {
        "experimentId": "1739342542000",
        "response": "f",
        "responseType": "odd",
        "digit": "4",
        "isCorrect": false,
        "timestamp": 1739342547835,
        "position": 14,
        "trialNumber": 3,
        "positionKey": "3-14"
      }
    ]
  },
  {
    "trialNumber": 5,
    "sequence": "967579756345999",
    "responses": [
      {
        "experimentId": "1739342542000",
        "response": "f",
        "responseType": "odd",
        "digit": "9",
        "isCorrect": true,
        "timestamp": 1739342547918,
        "position": 0,
        "trialNumber": 4,
        "positionKey": "4-0"
      },
      {
        "experimentId": "1739342542000",
        "response": "f",
        "responseType": "odd",
        "digit": "6",
        "isCorrect": false,
        "timestamp": 1739342548001,
        "position": 1,
        "trialNumber": 4,
        "positionKey": "4-1"
      },
      {
        "experimentId": "1739342542000",
        "response": "f",
        "responseType": "odd",
        "digit": "7",
        "isCorrect": true,
        "timestamp": 1739342548084,
        "position": 2,
        "trialNumber": 4,
        "positionKey": "4-2"
      },
      {
        "experimentId": "1739342542000",
        "response": "f",
        "responseType": "odd",
        "digit": "5",
        "isCorrect": true,
        "timestamp": 1739342548168,
        "position": 3,
        "trialNumber": 4,
        "positionKey": "4-3"
      },
      {
        "experimentId": "1739342542000",
        "response": "f",
        "responseType": "odd",
        "digit": "7",
        "isCorrect": true,
        "timestamp": 1739342548253,
        "position": 4,
        "trialNumber": 4,
        "positionKey": "4-4"
      },
      {
        "experimentId": "1739342542000",
        "response": "f",
        "responseType": "odd",
        "digit": "9",
        "isCorrect": true,
        "timestamp": 1739342548337,
        "position": 5,
        "trialNumber": 4,
        "positionKey": "4-5"
      },
      {
        "experimentId": "1739342542000",
        "response": "f",
        "responseType": "odd",
        "digit": "7",
        "isCorrect": true,
        "timestamp": 1739342548420,
        "position": 6,
        "trialNumber": 4,
        "positionKey": "4-6"
      },
      {
        "experimentId": "1739342542000",
        "response": "f",
        "responseType": "odd",
        "digit": "5",
        "isCorrect": true,
        "timestamp": 1739342548506,
        "position": 7,
        "trialNumber": 4,
        "positionKey": "4-7"
      },
      {
        "experimentId": "1739342542000",
        "response": "f",
        "responseType": "odd",
        "digit": "6",
        "isCorrect": false,
        "timestamp": 1739342548588,
        "position": 8,
        "trialNumber": 4,
        "positionKey": "4-8"
      },
      {
        "experimentId": "1739342542000",
        "response": "f",
        "responseType": "odd",
        "digit": "3",
        "isCorrect": true,
        "timestamp": 1739342548672,
        "position": 9,
        "trialNumber": 4,
        "positionKey": "4-9"
      },
      {
        "experimentId": "1739342542000",
        "response": "f",
        "responseType": "odd",
        "digit": "4",
        "isCorrect": false,
        "timestamp": 1739342548755,
        "position": 10,
        "trialNumber": 4,
        "positionKey": "4-10"
      },
      {
        "experimentId": "1739342542000",
        "response": "f",
        "responseType": "odd",
        "digit": "5",
        "isCorrect": true,
        "timestamp": 1739342548838,
        "position": 11,
        "trialNumber": 4,
        "positionKey": "4-11"
      },
      {
        "experimentId": "1739342542000",
        "response": "f",
        "responseType": "odd",
        "digit": "9",
        "isCorrect": true,
        "timestamp": 1739342548922,
        "position": 12,
        "trialNumber": 4,
        "positionKey": "4-12"
      },
      {
        "experimentId": "1739342542000",
        "response": "f",
        "responseType": "odd",
        "digit": "9",
        "isCorrect": true,
        "timestamp": 1739342549006,
        "position": 13,
        "trialNumber": 4,
        "positionKey": "4-13"
      },
      {
        "experimentId": "1739342542000",
        "response": "f",
        "responseType": "odd",
        "digit": "9",
        "isCorrect": true,
        "timestamp": 1739342549089,
        "position": 14,
        "trialNumber": 4,
        "positionKey": "4-14"
      }
    ]
  },
  {
    "trialNumber": 6,
    "sequence": "392643494799768",
    "responses": [
      {
        "experimentId": "1739342542000",
        "response": "f",
        "responseType": "odd",
        "digit": "3",
        "isCorrect": true,
        "timestamp": 1739342549172,
        "position": 0,
        "trialNumber": 5,
        "positionKey": "5-0"
      },
      {
        "experimentId": "1739342542000",
        "response": "f",
        "responseType": "odd",
        "digit": "9",
        "isCorrect": true,
        "timestamp": 1739342549255,
        "position": 1,
        "trialNumber": 5,
        "positionKey": "5-1"
      },
      {
        "experimentId": "1739342542000",
        "response": "f",
        "responseType": "odd",
        "digit": "2",
        "isCorrect": false,
        "timestamp": 1739342549339,
        "position": 2,
        "trialNumber": 5,
        "positionKey": "5-2"
      },
      {
        "experimentId": "1739342542000",
        "response": "f",
        "responseType": "odd",
        "digit": "6",
        "isCorrect": false,
        "timestamp": 1739342549422,
        "position": 3,
        "trialNumber": 5,
        "positionKey": "5-3"
      },
      {
        "experimentId": "1739342542000",
        "response": "f",
        "responseType": "odd",
        "digit": "4",
        "isCorrect": false,
        "timestamp": 1739342549505,
        "position": 4,
        "trialNumber": 5,
        "positionKey": "5-4"
      },
      {
        "experimentId": "1739342542000",
        "response": "f",
        "responseType": "odd",
        "digit": "3",
        "isCorrect": true,
        "timestamp": 1739342549589,
        "position": 5,
        "trialNumber": 5,
        "positionKey": "5-5"
      },
      {
        "experimentId": "1739342542000",
        "response": "f",
        "responseType": "odd",
        "digit": "4",
        "isCorrect": false,
        "timestamp": 1739342549672,
        "position": 6,
        "trialNumber": 5,
        "positionKey": "5-6"
      },
      {
        "experimentId": "1739342542000",
        "response": "f",
        "responseType": "odd",
        "digit": "9",
        "isCorrect": true,
        "timestamp": 1739342549755,
        "position": 7,
        "trialNumber": 5,
        "positionKey": "5-7"
      },
      {
        "experimentId": "1739342542000",
        "response": "f",
        "responseType": "odd",
        "digit": "4",
        "isCorrect": false,
        "timestamp": 1739342549839,
        "position": 8,
        "trialNumber": 5,
        "positionKey": "5-8"
      },
      {
        "experimentId": "1739342542000",
        "response": "f",
        "responseType": "odd",
        "digit": "7",
        "isCorrect": true,
        "timestamp": 1739342549922,
        "position": 9,
        "trialNumber": 5,
        "positionKey": "5-9"
      },
      {
        "experimentId": "1739342542000",
        "response": "f",
        "responseType": "odd",
        "digit": "9",
        "isCorrect": true,
        "timestamp": 1739342550005,
        "position": 10,
        "trialNumber": 5,
        "positionKey": "5-10"
      },
      {
        "experimentId": "1739342542000",
        "response": "f",
        "responseType": "odd",
        "digit": "9",
        "isCorrect": true,
        "timestamp": 1739342550089,
        "position": 11,
        "trialNumber": 5,
        "positionKey": "5-11"
      },
      {
        "experimentId": "1739342542000",
        "response": "f",
        "responseType": "odd",
        "digit": "7",
        "isCorrect": true,
        "timestamp": 1739342550172,
        "position": 12,
        "trialNumber": 5,
        "positionKey": "5-12"
      },
      {
        "experimentId": "1739342542000",
        "response": "f",
        "responseType": "odd",
        "digit": "6",
        "isCorrect": false,
        "timestamp": 1739342550255,
        "position": 13,
        "trialNumber": 5,
        "positionKey": "5-13"
      },
      {
        "experimentId": "1739342542000",
        "response": "f",
        "responseType": "odd",
        "digit": "8",
        "isCorrect": false,
        "timestamp": 1739342550339,
        "position": 14,
        "trialNumber": 5,
        "positionKey": "5-14"
      }
    ]
  },
  {
    "trialNumber": 7,
    "sequence": "656964365434364",
    "responses": [
      {
        "experimentId": "1739342542000",
        "response": "f",
        "responseType": "odd",
        "digit": "6",
        "isCorrect": false,
        "timestamp": 1739342550422,
        "position": 0,
        "trialNumber": 6,
        "positionKey": "6-0"
      },
      {
        "experimentId": "1739342542000",
        "response": "f",
        "responseType": "odd",
        "digit": "5",
        "isCorrect": true,
        "timestamp": 1739342550506,
        "position": 1,
        "trialNumber": 6,
        "positionKey": "6-1"
      },
      {
        "experimentId": "1739342542000",
        "response": "f",
        "responseType": "odd",
        "digit": "6",
        "isCorrect": false,
        "timestamp": 1739342550589,
        "position": 2,
        "trialNumber": 6,
        "positionKey": "6-2"
      },
      {
        "experimentId": "1739342542000",
        "response": "f",
        "responseType": "odd",
        "digit": "9",
        "isCorrect": true,
        "timestamp": 1739342550672,
        "position": 3,
        "trialNumber": 6,
        "positionKey": "6-3"
      },
      {
        "experimentId": "1739342542000",
        "response": "f",
        "responseType": "odd",
        "digit": "6",
        "isCorrect": false,
        "timestamp": 1739342550755,
        "position": 4,
        "trialNumber": 6,
        "positionKey": "6-4"
      },
      {
        "experimentId": "1739342542000",
        "response": "f",
        "responseType": "odd",
        "digit": "4",
        "isCorrect": false,
        "timestamp": 1739342550839,
        "position": 5,
        "trialNumber": 6,
        "positionKey": "6-5"
      },
      {
        "experimentId": "1739342542000",
        "response": "f",
        "responseType": "odd",
        "digit": "3",
        "isCorrect": true,
        "timestamp": 1739342550922,
        "position": 6,
        "trialNumber": 6,
        "positionKey": "6-6"
      },
      {
        "experimentId": "1739342542000",
        "response": "f",
        "responseType": "odd",
        "digit": "6",
        "isCorrect": false,
        "timestamp": 1739342551006,
        "position": 7,
        "trialNumber": 6,
        "positionKey": "6-7"
      },
      {
        "experimentId": "1739342542000",
        "response": "f",
        "responseType": "odd",
        "digit": "5",
        "isCorrect": true,
        "timestamp": 1739342551089,
        "position": 8,
        "trialNumber": 6,
        "positionKey": "6-8"
      },
      {
        "experimentId": "1739342542000",
        "response": "f",
        "responseType": "odd",
        "digit": "4",
        "isCorrect": false,
        "timestamp": 1739342551172,
        "position": 9,
        "trialNumber": 6,
        "positionKey": "6-9"
      },
      {
        "experimentId": "1739342542000",
        "response": "f",
        "responseType": "odd",
        "digit": "3",
        "isCorrect": true,
        "timestamp": 1739342551255,
        "position": 10,
        "trialNumber": 6,
        "positionKey": "6-10"
      },
      {
        "experimentId": "1739342542000",
        "response": "f",
        "responseType": "odd",
        "digit": "4",
        "isCorrect": false,
        "timestamp": 1739342551339,
        "position": 11,
        "trialNumber": 6,
        "positionKey": "6-11"
      },
      {
        "experimentId": "1739342542000",
        "response": "f",
        "responseType": "odd",
        "digit": "3",
        "isCorrect": true,
        "timestamp": 1739342551422,
        "position": 12,
        "trialNumber": 6,
        "positionKey": "6-12"
      },
      {
        "experimentId": "1739342542000",
        "response": "f",
        "responseType": "odd",
        "digit": "6",
        "isCorrect": false,
        "timestamp": 1739342551505,
        "position": 13,
        "trialNumber": 6,
        "positionKey": "6-13"
      },
      {
        "experimentId": "1739342542000",
        "response": "f",
        "responseType": "odd",
        "digit": "4",
        "isCorrect": false,
        "timestamp": 1739342551589,
        "position": 14,
        "trialNumber": 6,
        "positionKey": "6-14"
      }
    ]
  },
  {
    "trialNumber": 8,
    "sequence": "799933371966882",
    "responses": [
      {
        "experimentId": "1739342542000",
        "response": "f",
        "responseType": "odd",
        "digit": "7",
        "isCorrect": true,
        "timestamp": 1739342551672,
        "position": 0,
        "trialNumber": 7,
        "positionKey": "7-0"
      },
      {
        "experimentId": "1739342542000",
        "response": "f",
        "responseType": "odd",
        "digit": "9",
        "isCorrect": true,
        "timestamp": 1739342551755,
        "position": 1,
        "trialNumber": 7,
        "positionKey": "7-1"
      },
      {
        "experimentId": "1739342542000",
        "response": "f",
        "responseType": "odd",
        "digit": "9",
        "isCorrect": true,
        "timestamp": 1739342551839,
        "position": 2,
        "trialNumber": 7,
        "positionKey": "7-2"
      },
      {
        "experimentId": "1739342542000",
        "response": "f",
        "responseType": "odd",
        "digit": "9",
        "isCorrect": true,
        "timestamp": 1739342551923,
        "position": 3,
        "trialNumber": 7,
        "positionKey": "7-3"
      },
      {
        "experimentId": "1739342542000",
        "response": "f",
        "responseType": "odd",
        "digit": "3",
        "isCorrect": true,
        "timestamp": 1739342552006,
        "position": 4,
        "trialNumber": 7,
        "positionKey": "7-4"
      },
      {
        "experimentId": "1739342542000",
        "response": "f",
        "responseType": "odd",
        "digit": "3",
        "isCorrect": true,
        "timestamp": 1739342552089,
        "position": 5,
        "trialNumber": 7,
        "positionKey": "7-5"
      },
      {
        "experimentId": "1739342542000",
        "response": "f",
        "responseType": "odd",
        "digit": "3",
        "isCorrect": true,
        "timestamp": 1739342552172,
        "position": 6,
        "trialNumber": 7,
        "positionKey": "7-6"
      },
      {
        "experimentId": "1739342542000",
        "response": "f",
        "responseType": "odd",
        "digit": "7",
        "isCorrect": true,
        "timestamp": 1739342552256,
        "position": 7,
        "trialNumber": 7,
        "positionKey": "7-7"
      },
      {
        "experimentId": "1739342542000",
        "response": "f",
        "responseType": "odd",
        "digit": "1",
        "isCorrect": true,
        "timestamp": 1739342552339,
        "position": 8,
        "trialNumber": 7,
        "positionKey": "7-8"
      },
      {
        "experimentId": "1739342542000",
        "response": "f",
        "responseType": "odd",
        "digit": "9",
        "isCorrect": true,
        "timestamp": 1739342552422,
        "position": 9,
        "trialNumber": 7,
        "positionKey": "7-9"
      },
      {
        "experimentId": "1739342542000",
        "response": "f",
        "responseType": "odd",
        "digit": "6",
        "isCorrect": false,
        "timestamp": 1739342552505,
        "position": 10,
        "trialNumber": 7,
        "positionKey": "7-10"
      },
      {
        "experimentId": "1739342542000",
        "response": "f",
        "responseType": "odd",
        "digit": "6",
        "isCorrect": false,
        "timestamp": 1739342552589,
        "position": 11,
        "trialNumber": 7,
        "positionKey": "7-11"
      },
      {
        "experimentId": "1739342542000",
        "response": "f",
        "responseType": "odd",
        "digit": "8",
        "isCorrect": false,
        "timestamp": 1739342552672,
        "position": 12,
        "trialNumber": 7,
        "positionKey": "7-12"
      },
      {
        "experimentId": "1739342542000",
        "response": "f",
        "responseType": "odd",
        "digit": "8",
        "isCorrect": false,
        "timestamp": 1739342552756,
        "position": 13,
        "trialNumber": 7,
        "positionKey": "7-13"
      },
      {
        "experimentId": "1739342542000",
        "response": "f",
        "responseType": "odd",
        "digit": "2",
        "isCorrect": false,
        "timestamp": 1739342552838,
        "position": 14,
        "trialNumber": 7,
        "positionKey": "7-14"
      }
    ]
  },
  {
    "trialNumber": 9,
    "sequence": "462243517386482",
    "responses": [
      {
        "experimentId": "1739342542000",
        "response": "f",
        "responseType": "odd",
        "digit": "4",
        "isCorrect": false,
        "timestamp": 1739342552922,
        "position": 0,
        "trialNumber": 8,
        "positionKey": "8-0"
      },
      {
        "experimentId": "1739342542000",
        "response": "f",
        "responseType": "odd",
        "digit": "6",
        "isCorrect": false,
        "timestamp": 1739342553006,
        "position": 1,
        "trialNumber": 8,
        "positionKey": "8-1"
      },
      {
        "experimentId": "1739342542000",
        "response": "f",
        "responseType": "odd",
        "digit": "2",
        "isCorrect": false,
        "timestamp": 1739342553088,
        "position": 2,
        "trialNumber": 8,
        "positionKey": "8-2"
      },
      {
        "experimentId": "1739342542000",
        "response": "f",
        "responseType": "odd",
        "digit": "2",
        "isCorrect": false,
        "timestamp": 1739342553172,
        "position": 3,
        "trialNumber": 8,
        "positionKey": "8-3"
      },
      {
        "experimentId": "1739342542000",
        "response": "f",
        "responseType": "odd",
        "digit": "4",
        "isCorrect": false,
        "timestamp": 1739342553257,
        "position": 4,
        "trialNumber": 8,
        "positionKey": "8-4"
      },
      {
        "experimentId": "1739342542000",
        "response": "f",
        "responseType": "odd",
        "digit": "3",
        "isCorrect": true,
        "timestamp": 1739342553340,
        "position": 5,
        "trialNumber": 8,
        "positionKey": "8-5"
      },
      {
        "experimentId": "1739342542000",
        "response": "f",
        "responseType": "odd",
        "digit": "5",
        "isCorrect": true,
        "timestamp": 1739342553424,
        "position": 6,
        "trialNumber": 8,
        "positionKey": "8-6"
      },
      {
        "experimentId": "1739342542000",
        "response": "f",
        "responseType": "odd",
        "digit": "1",
        "isCorrect": true,
        "timestamp": 1739342553508,
        "position": 7,
        "trialNumber": 8,
        "positionKey": "8-7"
      },
      {
        "experimentId": "1739342542000",
        "response": "f",
        "responseType": "odd",
        "digit": "7",
        "isCorrect": true,
        "timestamp": 1739342553592,
        "position": 8,
        "trialNumber": 8,
        "positionKey": "8-8"
      },
      {
        "experimentId": "1739342542000",
        "response": "f",
        "responseType": "odd",
        "digit": "3",
        "isCorrect": true,
        "timestamp": 1739342553675,
        "position": 9,
        "trialNumber": 8,
        "positionKey": "8-9"
      },
      {
        "experimentId": "1739342542000",
        "response": "f",
        "responseType": "odd",
        "digit": "8",
        "isCorrect": false,
        "timestamp": 1739342553758,
        "position": 10,
        "trialNumber": 8,
        "positionKey": "8-10"
      },
      {
        "experimentId": "1739342542000",
        "response": "f",
        "responseType": "odd",
        "digit": "6",
        "isCorrect": false,
        "timestamp": 1739342553843,
        "position": 11,
        "trialNumber": 8,
        "positionKey": "8-11"
      },
      {
        "experimentId": "1739342542000",
        "response": "f",
        "responseType": "odd",
        "digit": "4",
        "isCorrect": false,
        "timestamp": 1739342553927,
        "position": 12,
        "trialNumber": 8,
        "positionKey": "8-12"
      },
      {
        "experimentId": "1739342542000",
        "response": "f",
        "responseType": "odd",
        "digit": "8",
        "isCorrect": false,
        "timestamp": 1739342554010,
        "position": 13,
        "trialNumber": 8,
        "positionKey": "8-13"
      },
      {
        "experimentId": "1739342542000",
        "response": "f",
        "responseType": "odd",
        "digit": "2",
        "isCorrect": false,
        "timestamp": 1739342554093,
        "position": 14,
        "trialNumber": 8,
        "positionKey": "8-14"
      }
    ]
  }
]