[
  {
    "trialNumber": 1,
    "sequence": "244835862464446",
    "responses": []
  },
  {
    "trialNumber": 2,
    "sequence": "686646422664468",
    "responses": [
      {
        "experimentId": "1737164587131",
        "response": "j",
        "responseType": "even",
        "digit": "6",
        "isCorrect": true,
        "timestamp": 1737164598906,
        "position": 0,
        "trialNumber": 1,
        "positionKey": "1-0",
        "blockNumber": 1
      },
      {
        "experimentId": "1737164587131",
        "response": "j",
        "responseType": "even",
        "digit": "8",
        "isCorrect": true,
        "timestamp": 1737164599612,
        "position": 1,
        "trialNumber": 1,
        "positionKey": "1-1",
        "blockNumber": 1
      },
      {
        "experimentId": "1737164587131",
        "response": "j",
        "responseType": "even",
        "digit": "6",
        "isCorrect": true,
        "timestamp": 1737164600163,
        "position": 2,
        "trialNumber": 1,
        "positionKey": "1-2",
        "blockNumber": 1
      },
      {
        "experimentId": "1737164587131",
        "response": "j",
        "responseType": "even",
        "digit": "6",
        "isCorrect": true,
        "timestamp": 1737164600616,
        "position": 3,
        "trialNumber": 1,
        "positionKey": "1-3",
        "blockNumber": 1
      },
      {
        "experimentId": "1737164587131",
        "response": "j",
        "responseType": "even",
        "digit": "4",
        "isCorrect": true,
        "timestamp": 1737164601174,
        "position": 4,
        "trialNumber": 1,
        "positionKey": "1-4",
        "blockNumber": 1
      },
      {
        "experimentId": "1737164587131",
        "response": "j",
        "responseType": "even",
        "digit": "6",
        "isCorrect": true,
        "timestamp": 1737164601724,
        "position": 5,
        "trialNumber": 1,
        "positionKey": "1-5",
        "blockNumber": 1
      },
      {
        "experimentId": "1737164587131",
        "response": "j",
        "responseType": "even",
        "digit": "4",
        "isCorrect": true,
        "timestamp": 1737164602233,
        "position": 6,
        "trialNumber": 1,
        "positionKey": "1-6",
        "blockNumber": 1
      },
      {
        "experimentId": "1737164587131",
        "response": "j",
        "responseType": "even",
        "digit": "2",
        "isCorrect": true,
        "timestamp": 1737164602767,
        "position": 7,
        "trialNumber": 1,
        "positionKey": "1-7",
        "blockNumber": 1
      },
      {
        "experimentId": "1737164587131",
        "response": "j",
        "responseType": "even",
        "digit": "2",
        "isCorrect": true,
        "timestamp": 1737164603332,
        "position": 8,
        "trialNumber": 1,
        "positionKey": "1-8",
        "blockNumber": 1
      },
      {
        "experimentId": "1737164587131",
        "response": "j",
        "responseType": "even",
        "digit": "6",
        "isCorrect": true,
        "timestamp": 1737164603840,
        "position": 9,
        "trialNumber": 1,
        "positionKey": "1-9",
        "blockNumber": 1
      },
      {
        "experimentId": "1737164587131",
        "response": "j",
        "responseType": "even",
        "digit": "6",
        "isCorrect": true,
        "timestamp": 1737164604355,
        "position": 10,
        "trialNumber": 1,
        "positionKey": "1-10",
        "blockNumber": 1
      },
      {
        "experimentId": "1737164587131",
        "response": "j",
        "responseType": "even",
        "digit": "4",
        "isCorrect": true,
        "timestamp": 1737164604917,
        "position": 11,
        "trialNumber": 1,
        "positionKey": "1-11",
        "blockNumber": 1
      },
      {
        "experimentId": "1737164587131",
        "response": "j",
        "responseType": "even",
        "digit": "4",
        "isCorrect": true,
        "timestamp": 1737164605457,
        "position": 12,
        "trialNumber": 1,
        "positionKey": "1-12",
        "blockNumber": 1
      },
      {
        "experimentId": "1737164587131",
        "response": "j",
        "responseType": "even",
        "digit": "6",
        "isCorrect": true,
        "timestamp": 1737164605957,
        "position": 13,
        "trialNumber": 1,
        "positionKey": "1-13",
        "blockNumber": 1
      },
      {
        "experimentId": "1737164587131",
        "response": "j",
        "responseType": "even",
        "digit": "8",
        "isCorrect": true,
        "timestamp": 1737164606556,
        "position": 14,
        "trialNumber": 1,
        "positionKey": "1-14",
        "blockNumber": 1
      }
    ]
  },
  {
    "trialNumber": 3,
    "sequence": "551772442633139",
    "responses": [
      {
        "experimentId": "1737164587131",
        "response": "f",
        "responseType": "odd",
        "digit": "5",
        "isCorrect": true,
        "timestamp": 1737164607226,
        "position": 0,
        "trialNumber": 2,
        "positionKey": "2-0",
        "blockNumber": 1
      },
      {
        "experimentId": "1737164587131",
        "response": "f",
        "responseType": "odd",
        "digit": "5",
        "isCorrect": true,
        "timestamp": 1737164607789,
        "position": 1,
        "trialNumber": 2,
        "positionKey": "2-1",
        "blockNumber": 1
      },
      {
        "experimentId": "1737164587131",
        "response": "f",
        "responseType": "odd",
        "digit": "1",
        "isCorrect": true,
        "timestamp": 1737164608308,
        "position": 2,
        "trialNumber": 2,
        "positionKey": "2-2",
        "blockNumber": 1
      },
      {
        "experimentId": "1737164587131",
        "response": "f",
        "responseType": "odd",
        "digit": "7",
        "isCorrect": true,
        "timestamp": 1737164608849,
        "position": 3,
        "trialNumber": 2,
        "positionKey": "2-3",
        "blockNumber": 1
      },
      {
        "experimentId": "1737164587131",
        "response": "f",
        "responseType": "odd",
        "digit": "7",
        "isCorrect": true,
        "timestamp": 1737164609424,
        "position": 4,
        "trialNumber": 2,
        "positionKey": "2-4",
        "blockNumber": 1
      },
      {
        "experimentId": "1737164587131",
        "response": "j",
        "responseType": "even",
        "digit": "2",
        "isCorrect": true,
        "timestamp": 1737164609937,
        "position": 5,
        "trialNumber": 2,
        "positionKey": "2-5",
        "blockNumber": 1
      },
      {
        "experimentId": "1737164587131",
        "response": "j",
        "responseType": "even",
        "digit": "4",
        "isCorrect": true,
        "timestamp": 1737164610532,
        "position": 6,
        "trialNumber": 2,
        "positionKey": "2-6",
        "blockNumber": 1
      },
      {
        "experimentId": "1737164587131",
        "response": "j",
        "responseType": "even",
        "digit": "4",
        "isCorrect": true,
        "timestamp": 1737164611100,
        "position": 7,
        "trialNumber": 2,
        "positionKey": "2-7",
        "blockNumber": 1
      },
      {
        "experimentId": "1737164587131",
        "response": "j",
        "responseType": "even",
        "digit": "2",
        "isCorrect": true,
        "timestamp": 1737164611597,
        "position": 8,
        "trialNumber": 2,
        "positionKey": "2-8",
        "blockNumber": 1
      },
      {
        "experimentId": "1737164587131",
        "response": "j",
        "responseType": "even",
        "digit": "6",
        "isCorrect": true,
        "timestamp": 1737164612164,
        "position": 9,
        "trialNumber": 2,
        "positionKey": "2-9",
        "blockNumber": 1
      },
      {
        "experimentId": "1737164587131",
        "response": "f",
        "responseType": "odd",
        "digit": "3",
        "isCorrect": true,
        "timestamp": 1737164612794,
        "position": 10,
        "trialNumber": 2,
        "positionKey": "2-10",
        "blockNumber": 1
      },
      {
        "experimentId": "1737164587131",
        "response": "f",
        "responseType": "odd",
        "digit": "3",
        "isCorrect": true,
        "timestamp": 1737164613386,
        "position": 11,
        "trialNumber": 2,
        "positionKey": "2-11",
        "blockNumber": 1
      },
      {
        "experimentId": "1737164587131",
        "response": "f",
        "responseType": "odd",
        "digit": "1",
        "isCorrect": true,
        "timestamp": 1737164613945,
        "position": 12,
        "trialNumber": 2,
        "positionKey": "2-12",
        "blockNumber": 1
      },
      {
        "experimentId": "1737164587131",
        "response": "f",
        "responseType": "odd",
        "digit": "3",
        "isCorrect": true,
        "timestamp": 1737164614515,
        "position": 13,
        "trialNumber": 2,
        "positionKey": "2-13",
        "blockNumber": 1
      },
      {
        "experimentId": "1737164587131",
        "response": "f",
        "responseType": "odd",
        "digit": "9",
        "isCorrect": true,
        "timestamp": 1737164615114,
        "position": 14,
        "trialNumber": 2,
        "positionKey": "2-14",
        "blockNumber": 1
      }
    ]
  },
  {
    "trialNumber": 4,
    "sequence": "773721477818666",
    "responses": [
      {
        "experimentId": "1737164587131",
        "response": "f",
        "responseType": "odd",
        "digit": "7",
        "isCorrect": true,
        "timestamp": 1737164615681,
        "position": 0,
        "trialNumber": 3,
        "positionKey": "3-0",
        "blockNumber": 1
      },
      {
        "experimentId": "1737164587131",
        "response": "f",
        "responseType": "odd",
        "digit": "7",
        "isCorrect": true,
        "timestamp": 1737164616288,
        "position": 1,
        "trialNumber": 3,
        "positionKey": "3-1",
        "blockNumber": 1
      },
      {
        "experimentId": "1737164587131",
        "response": "f",
        "responseType": "odd",
        "digit": "3",
        "isCorrect": true,
        "timestamp": 1737164616785,
        "position": 2,
        "trialNumber": 3,
        "positionKey": "3-2",
        "blockNumber": 1
      },
      {
        "experimentId": "1737164587131",
        "response": "f",
        "responseType": "odd",
        "digit": "7",
        "isCorrect": true,
        "timestamp": 1737164617270,
        "position": 3,
        "trialNumber": 3,
        "positionKey": "3-3",
        "blockNumber": 1
      },
      {
        "experimentId": "1737164587131",
        "response": "f",
        "responseType": "odd",
        "digit": "2",
        "isCorrect": false,
        "timestamp": 1737164617774,
        "position": 4,
        "trialNumber": 3,
        "positionKey": "3-4",
        "blockNumber": 1
      },
      {
        "experimentId": "1737164587131",
        "response": "f",
        "responseType": "odd",
        "digit": "1",
        "isCorrect": true,
        "timestamp": 1737164618621,
        "position": 5,
        "trialNumber": 3,
        "positionKey": "3-5",
        "blockNumber": 1
      },
      {
        "experimentId": "1737164587131",
        "response": "j",
        "responseType": "even",
        "digit": "4",
        "isCorrect": true,
        "timestamp": 1737164619183,
        "position": 6,
        "trialNumber": 3,
        "positionKey": "3-6",
        "blockNumber": 1
      },
      {
        "experimentId": "1737164587131",
        "response": "f",
        "responseType": "odd",
        "digit": "7",
        "isCorrect": true,
        "timestamp": 1737164619886,
        "position": 7,
        "trialNumber": 3,
        "positionKey": "3-7",
        "blockNumber": 1
      },
      {
        "experimentId": "1737164587131",
        "response": "f",
        "responseType": "odd",
        "digit": "7",
        "isCorrect": true,
        "timestamp": 1737164620487,
        "position": 8,
        "trialNumber": 3,
        "positionKey": "3-8",
        "blockNumber": 1
      },
      {
        "experimentId": "1737164587131",
        "response": "j",
        "responseType": "even",
        "digit": "8",
        "isCorrect": true,
        "timestamp": 1737164621110,
        "position": 9,
        "trialNumber": 3,
        "positionKey": "3-9",
        "blockNumber": 1
      },
      {
        "experimentId": "1737164587131",
        "response": "f",
        "responseType": "odd",
        "digit": "1",
        "isCorrect": true,
        "timestamp": 1737164621791,
        "position": 10,
        "trialNumber": 3,
        "positionKey": "3-10",
        "blockNumber": 1
      },
      {
        "experimentId": "1737164587131",
        "response": "j",
        "responseType": "even",
        "digit": "8",
        "isCorrect": true,
        "timestamp": 1737164622323,
        "position": 11,
        "trialNumber": 3,
        "positionKey": "3-11",
        "blockNumber": 1
      },
      {
        "experimentId": "1737164587131",
        "response": "j",
        "responseType": "even",
        "digit": "6",
        "isCorrect": true,
        "timestamp": 1737164622931,
        "position": 12,
        "trialNumber": 3,
        "positionKey": "3-12",
        "blockNumber": 1
      },
      {
        "experimentId": "1737164587131",
        "response": "j",
        "responseType": "even",
        "digit": "6",
        "isCorrect": true,
        "timestamp": 1737164623549,
        "position": 13,
        "trialNumber": 3,
        "positionKey": "3-13",
        "blockNumber": 1
      },
      {
        "experimentId": "1737164587131",
        "response": "j",
        "responseType": "even",
        "digit": "6",
        "isCorrect": true,
        "timestamp": 1737164624203,
        "position": 14,
        "trialNumber": 3,
        "positionKey": "3-14",
        "blockNumber": 1
      }
    ]
  },
  {
    "trialNumber": 5,
    "sequence": "457273724554264",
    "responses": [
      {
        "experimentId": "1737164587131",
        "response": "j",
        "responseType": "even",
        "digit": "4",
        "isCorrect": true,
        "timestamp": 1737164624714,
        "position": 0,
        "trialNumber": 4,
        "positionKey": "4-0",
        "blockNumber": 2
      },
      {
        "experimentId": "1737164587131",
        "response": "j",
        "responseType": "even",
        "digit": "5",
        "isCorrect": false,
        "timestamp": 1737164625204,
        "position": 1,
        "trialNumber": 4,
        "positionKey": "4-1",
        "blockNumber": 2
      },
      {
        "experimentId": "1737164587131",
        "response": "f",
        "responseType": "odd",
        "digit": "7",
        "isCorrect": true,
        "timestamp": 1737164625856,
        "position": 2,
        "trialNumber": 4,
        "positionKey": "4-2",
        "blockNumber": 2
      },
      {
        "experimentId": "1737164587131",
        "response": "j",
        "responseType": "even",
        "digit": "2",
        "isCorrect": true,
        "timestamp": 1737164626578,
        "position": 3,
        "trialNumber": 4,
        "positionKey": "4-3",
        "blockNumber": 2
      },
      {
        "experimentId": "1737164587131",
        "response": "f",
        "responseType": "odd",
        "digit": "7",
        "isCorrect": true,
        "timestamp": 1737164627252,
        "position": 4,
        "trialNumber": 4,
        "positionKey": "4-4",
        "blockNumber": 2
      },
      {
        "experimentId": "1737164587131",
        "response": "j",
        "responseType": "even",
        "digit": "3",
        "isCorrect": false,
        "timestamp": 1737164627860,
        "position": 5,
        "trialNumber": 4,
        "positionKey": "4-5",
        "blockNumber": 2
      },
      {
        "experimentId": "1737164587131",
        "response": "f",
        "responseType": "odd",
        "digit": "7",
        "isCorrect": true,
        "timestamp": 1737164628623,
        "position": 6,
        "trialNumber": 4,
        "positionKey": "4-6",
        "blockNumber": 2
      },
      {
        "experimentId": "1737164587131",
        "response": "j",
        "responseType": "even",
        "digit": "2",
        "isCorrect": true,
        "timestamp": 1737164629288,
        "position": 7,
        "trialNumber": 4,
        "positionKey": "4-7",
        "blockNumber": 2
      },
      {
        "experimentId": "1737164587131",
        "response": "f",
        "responseType": "odd",
        "digit": "4",
        "isCorrect": false,
        "timestamp": 1737164629898,
        "position": 8,
        "trialNumber": 4,
        "positionKey": "4-8",
        "blockNumber": 2
      },
      {
        "experimentId": "1737164587131",
        "response": "f",
        "responseType": "odd",
        "digit": "5",
        "isCorrect": true,
        "timestamp": 1737164630690,
        "position": 9,
        "trialNumber": 4,
        "positionKey": "4-9",
        "blockNumber": 2
      },
      {
        "experimentId": "1737164587131",
        "response": "f",
        "responseType": "odd",
        "digit": "5",
        "isCorrect": true,
        "timestamp": 1737164631472,
        "position": 10,
        "trialNumber": 4,
        "positionKey": "4-10",
        "blockNumber": 2
      },
      {
        "experimentId": "1737164587131",
        "response": "j",
        "responseType": "even",
        "digit": "4",
        "isCorrect": true,
        "timestamp": 1737164632018,
        "position": 11,
        "trialNumber": 4,
        "positionKey": "4-11",
        "blockNumber": 2
      },
      {
        "experimentId": "1737164587131",
        "response": "j",
        "responseType": "even",
        "digit": "2",
        "isCorrect": true,
        "timestamp": 1737164632617,
        "position": 12,
        "trialNumber": 4,
        "positionKey": "4-12",
        "blockNumber": 2
      },
      {
        "experimentId": "1737164587131",
        "response": "j",
        "responseType": "even",
        "digit": "6",
        "isCorrect": true,
        "timestamp": 1737164633309,
        "position": 13,
        "trialNumber": 4,
        "positionKey": "4-13",
        "blockNumber": 2
      },
      {
        "experimentId": "1737164587131",
        "response": "j",
        "responseType": "even",
        "digit": "4",
        "isCorrect": true,
        "timestamp": 1737164633862,
        "position": 14,
        "trialNumber": 4,
        "positionKey": "4-14",
        "blockNumber": 2
      }
    ]
  },
  {
    "trialNumber": 6,
    "sequence": "827234229245348",
    "responses": [
      {
        "experimentId": "1737164587131",
        "response": "j",
        "responseType": "even",
        "digit": "8",
        "isCorrect": true,
        "timestamp": 1737164634423,
        "position": 0,
        "trialNumber": 5,
        "positionKey": "5-0",
        "blockNumber": 2
      },
      {
        "experimentId": "1737164587131",
        "response": "j",
        "responseType": "even",
        "digit": "2",
        "isCorrect": true,
        "timestamp": 1737164634899,
        "position": 1,
        "trialNumber": 5,
        "positionKey": "5-1",
        "blockNumber": 2
      },
      {
        "experimentId": "1737164587131",
        "response": "f",
        "responseType": "odd",
        "digit": "7",
        "isCorrect": true,
        "timestamp": 1737164635522,
        "position": 2,
        "trialNumber": 5,
        "positionKey": "5-2",
        "blockNumber": 2
      },
      {
        "experimentId": "1737164587131",
        "response": "j",
        "responseType": "even",
        "digit": "2",
        "isCorrect": true,
        "timestamp": 1737164636164,
        "position": 3,
        "trialNumber": 5,
        "positionKey": "5-3",
        "blockNumber": 2
      },
      {
        "experimentId": "1737164587131",
        "response": "f",
        "responseType": "odd",
        "digit": "3",
        "isCorrect": true,
        "timestamp": 1737164636775,
        "position": 4,
        "trialNumber": 5,
        "positionKey": "5-4",
        "blockNumber": 2
      },
      {
        "experimentId": "1737164587131",
        "response": "j",
        "responseType": "even",
        "digit": "4",
        "isCorrect": true,
        "timestamp": 1737164637222,
        "position": 5,
        "trialNumber": 5,
        "positionKey": "5-5",
        "blockNumber": 2
      },
      {
        "experimentId": "1737164587131",
        "response": "j",
        "responseType": "even",
        "digit": "2",
        "isCorrect": true,
        "timestamp": 1737164637847,
        "position": 6,
        "trialNumber": 5,
        "positionKey": "5-6",
        "blockNumber": 2
      },
      {
        "experimentId": "1737164587131",
        "response": "j",
        "responseType": "even",
        "digit": "2",
        "isCorrect": true,
        "timestamp": 1737164638349,
        "position": 7,
        "trialNumber": 5,
        "positionKey": "5-7",
        "blockNumber": 2
      },
      {
        "experimentId": "1737164587131",
        "response": "f",
        "responseType": "odd",
        "digit": "9",
        "isCorrect": true,
        "timestamp": 1737164638958,
        "position": 8,
        "trialNumber": 5,
        "positionKey": "5-8",
        "blockNumber": 2
      },
      {
        "experimentId": "1737164587131",
        "response": "j",
        "responseType": "even",
        "digit": "2",
        "isCorrect": true,
        "timestamp": 1737164639497,
        "position": 9,
        "trialNumber": 5,
        "positionKey": "5-9",
        "blockNumber": 2
      },
      {
        "experimentId": "1737164587131",
        "response": "j",
        "responseType": "even",
        "digit": "4",
        "isCorrect": true,
        "timestamp": 1737164640054,
        "position": 10,
        "trialNumber": 5,
        "positionKey": "5-10",
        "blockNumber": 2
      },
      {
        "experimentId": "1737164587131",
        "response": "f",
        "responseType": "odd",
        "digit": "5",
        "isCorrect": true,
        "timestamp": 1737164640666,
        "position": 11,
        "trialNumber": 5,
        "positionKey": "5-11",
        "blockNumber": 2
      },
      {
        "experimentId": "1737164587131",
        "response": "f",
        "responseType": "odd",
        "digit": "3",
        "isCorrect": true,
        "timestamp": 1737164641176,
        "position": 12,
        "trialNumber": 5,
        "positionKey": "5-12",
        "blockNumber": 2
      },
      {
        "experimentId": "1737164587131",
        "response": "j",
        "responseType": "even",
        "digit": "4",
        "isCorrect": true,
        "timestamp": 1737164641814,
        "position": 13,
        "trialNumber": 5,
        "positionKey": "5-13",
        "blockNumber": 2
      },
      {
        "experimentId": "1737164587131",
        "response": "j",
        "responseType": "even",
        "digit": "8",
        "isCorrect": true,
        "timestamp": 1737164642462,
        "position": 14,
        "trialNumber": 5,
        "positionKey": "5-14",
        "blockNumber": 2
      }
    ]
  },
  {
    "trialNumber": 7,
    "sequence": "816585692345244",
    "responses": [
      {
        "experimentId": "1737164587131",
        "response": "j",
        "responseType": "even",
        "digit": "8",
        "isCorrect": true,
        "timestamp": 1737164643014,
        "position": 0,
        "trialNumber": 6,
        "positionKey": "6-0",
        "blockNumber": 2
      },
      {
        "experimentId": "1737164587131",
        "response": "f",
        "responseType": "odd",
        "digit": "1",
        "isCorrect": true,
        "timestamp": 1737164643659,
        "position": 1,
        "trialNumber": 6,
        "positionKey": "6-1",
        "blockNumber": 2
      },
      {
        "experimentId": "1737164587131",
        "response": "j",
        "responseType": "even",
        "digit": "6",
        "isCorrect": true,
        "timestamp": 1737164644349,
        "position": 2,
        "trialNumber": 6,
        "positionKey": "6-2",
        "blockNumber": 2
      },
      {
        "experimentId": "1737164587131",
        "response": "f",
        "responseType": "odd",
        "digit": "5",
        "isCorrect": true,
        "timestamp": 1737164644847,
        "position": 3,
        "trialNumber": 6,
        "positionKey": "6-3",
        "blockNumber": 2
      },
      {
        "experimentId": "1737164587131",
        "response": "j",
        "responseType": "even",
        "digit": "8",
        "isCorrect": true,
        "timestamp": 1737164645365,
        "position": 4,
        "trialNumber": 6,
        "positionKey": "6-4",
        "blockNumber": 2
      },
      {
        "experimentId": "1737164587131",
        "response": "f",
        "responseType": "odd",
        "digit": "5",
        "isCorrect": true,
        "timestamp": 1737164645878,
        "position": 5,
        "trialNumber": 6,
        "positionKey": "6-5",
        "blockNumber": 2
      },
      {
        "experimentId": "1737164587131",
        "response": "j",
        "responseType": "even",
        "digit": "6",
        "isCorrect": true,
        "timestamp": 1737164646373,
        "position": 6,
        "trialNumber": 6,
        "positionKey": "6-6",
        "blockNumber": 2
      },
      {
        "experimentId": "1737164587131",
        "response": "f",
        "responseType": "odd",
        "digit": "9",
        "isCorrect": true,
        "timestamp": 1737164646881,
        "position": 7,
        "trialNumber": 6,
        "positionKey": "6-7",
        "blockNumber": 2
      },
      {
        "experimentId": "1737164587131",
        "response": "j",
        "responseType": "even",
        "digit": "2",
        "isCorrect": true,
        "timestamp": 1737164647352,
        "position": 8,
        "trialNumber": 6,
        "positionKey": "6-8",
        "blockNumber": 2
      },
      {
        "experimentId": "1737164587131",
        "response": "f",
        "responseType": "odd",
        "digit": "3",
        "isCorrect": true,
        "timestamp": 1737164647910,
        "position": 9,
        "trialNumber": 6,
        "positionKey": "6-9",
        "blockNumber": 2
      },
      {
        "experimentId": "1737164587131",
        "response": "j",
        "responseType": "even",
        "digit": "4",
        "isCorrect": true,
        "timestamp": 1737164648408,
        "position": 10,
        "trialNumber": 6,
        "positionKey": "6-10",
        "blockNumber": 2
      },
      {
        "experimentId": "1737164587131",
        "response": "f",
        "responseType": "odd",
        "digit": "5",
        "isCorrect": true,
        "timestamp": 1737164648898,
        "position": 11,
        "trialNumber": 6,
        "positionKey": "6-11",
        "blockNumber": 2
      },
      {
        "experimentId": "1737164587131",
        "response": "j",
        "responseType": "even",
        "digit": "2",
        "isCorrect": true,
        "timestamp": 1737164649401,
        "position": 12,
        "trialNumber": 6,
        "positionKey": "6-12",
        "blockNumber": 2
      },
      {
        "experimentId": "1737164587131",
        "response": "j",
        "responseType": "even",
        "digit": "4",
        "isCorrect": true,
        "timestamp": 1737164650130,
        "position": 13,
        "trialNumber": 6,
        "positionKey": "6-13",
        "blockNumber": 2
      },
      {
        "experimentId": "1737164587131",
        "response": "j",
        "responseType": "even",
        "digit": "4",
        "isCorrect": true,
        "timestamp": 1737164650843,
        "position": 14,
        "trialNumber": 6,
        "positionKey": "6-14",
        "blockNumber": 2
      }
    ]
  },
  {
    "trialNumber": 8,
    "sequence": "612547851296388",
    "responses": [
      {
        "experimentId": "1737164587131",
        "response": "j",
        "responseType": "even",
        "digit": "6",
        "isCorrect": true,
        "timestamp": 1737164651366,
        "position": 0,
        "trialNumber": 7,
        "positionKey": "7-0",
        "blockNumber": 3
      },
      {
        "experimentId": "1737164587131",
        "response": "f",
        "responseType": "odd",
        "digit": "1",
        "isCorrect": true,
        "timestamp": 1737164652018,
        "position": 1,
        "trialNumber": 7,
        "positionKey": "7-1",
        "blockNumber": 3
      },
      {
        "experimentId": "1737164587131",
        "response": "j",
        "responseType": "even",
        "digit": "2",
        "isCorrect": true,
        "timestamp": 1737164652534,
        "position": 2,
        "trialNumber": 7,
        "positionKey": "7-2",
        "blockNumber": 3
      },
      {
        "experimentId": "1737164587131",
        "response": "f",
        "responseType": "odd",
        "digit": "5",
        "isCorrect": true,
        "timestamp": 1737164653081,
        "position": 3,
        "trialNumber": 7,
        "positionKey": "7-3",
        "blockNumber": 3
      },
      {
        "experimentId": "1737164587131",
        "response": "j",
        "responseType": "even",
        "digit": "4",
        "isCorrect": true,
        "timestamp": 1737164653587,
        "position": 4,
        "trialNumber": 7,
        "positionKey": "7-4",
        "blockNumber": 3
      },
      {
        "experimentId": "1737164587131",
        "response": "f",
        "responseType": "odd",
        "digit": "7",
        "isCorrect": true,
        "timestamp": 1737164654129,
        "position": 5,
        "trialNumber": 7,
        "positionKey": "7-5",
        "blockNumber": 3
      },
      {
        "experimentId": "1737164587131",
        "response": "j",
        "responseType": "even",
        "digit": "8",
        "isCorrect": true,
        "timestamp": 1737164654624,
        "position": 6,
        "trialNumber": 7,
        "positionKey": "7-6",
        "blockNumber": 3
      },
      {
        "experimentId": "1737164587131",
        "response": "j",
        "responseType": "even",
        "digit": "5",
        "isCorrect": false,
        "timestamp": 1737164655315,
        "position": 7,
        "trialNumber": 7,
        "positionKey": "7-7",
        "blockNumber": 3
      },
      {
        "experimentId": "1737164587131",
        "response": "j",
        "responseType": "even",
        "digit": "1",
        "isCorrect": false,
        "timestamp": 1737164655836,
        "position": 8,
        "trialNumber": 7,
        "positionKey": "7-8",
        "blockNumber": 3
      },
      {
        "experimentId": "1737164587131",
        "response": "j",
        "responseType": "even",
        "digit": "2",
        "isCorrect": true,
        "timestamp": 1737164656513,
        "position": 9,
        "trialNumber": 7,
        "positionKey": "7-9",
        "blockNumber": 3
      },
      {
        "experimentId": "1737164587131",
        "response": "j",
        "responseType": "even",
        "digit": "9",
        "isCorrect": false,
        "timestamp": 1737164657076,
        "position": 10,
        "trialNumber": 7,
        "positionKey": "7-10",
        "blockNumber": 3
      },
      {
        "experimentId": "1737164587131",
        "response": "j",
        "responseType": "even",
        "digit": "6",
        "isCorrect": true,
        "timestamp": 1737164657581,
        "position": 11,
        "trialNumber": 7,
        "positionKey": "7-11",
        "blockNumber": 3
      },
      {
        "experimentId": "1737164587131",
        "response": "j",
        "responseType": "even",
        "digit": "3",
        "isCorrect": false,
        "timestamp": 1737164657662,
        "position": 12,
        "trialNumber": 7,
        "positionKey": "7-12",
        "blockNumber": 3
      },
      {
        "experimentId": "1737164587131",
        "response": "j",
        "responseType": "even",
        "digit": "8",
        "isCorrect": true,
        "timestamp": 1737164657744,
        "position": 13,
        "trialNumber": 7,
        "positionKey": "7-13",
        "blockNumber": 3
      },
      {
        "experimentId": "1737164587131",
        "response": "j",
        "responseType": "even",
        "digit": "8",
        "isCorrect": true,
        "timestamp": 1737164657827,
        "position": 14,
        "trialNumber": 7,
        "positionKey": "7-14",
        "blockNumber": 3
      }
    ]
  },
  {
    "trialNumber": 9,
    "sequence": "783258545698355",
    "responses": [
      {
        "experimentId": "1737164587131",
        "response": "j",
        "responseType": "even",
        "digit": "7",
        "isCorrect": false,
        "timestamp": 1737164657912,
        "position": 0,
        "trialNumber": 8,
        "positionKey": "8-0",
        "blockNumber": 3
      },
      {
        "experimentId": "1737164587131",
        "response": "j",
        "responseType": "even",
        "digit": "8",
        "isCorrect": true,
        "timestamp": 1737164657993,
        "position": 1,
        "trialNumber": 8,
        "positionKey": "8-1",
        "blockNumber": 3
      },
      {
        "experimentId": "1737164587131",
        "response": "j",
        "responseType": "even",
        "digit": "3",
        "isCorrect": false,
        "timestamp": 1737164658076,
        "position": 2,
        "trialNumber": 8,
        "positionKey": "8-2",
        "blockNumber": 3
      },
      {
        "experimentId": "1737164587131",
        "response": "j",
        "responseType": "even",
        "digit": "2",
        "isCorrect": true,
        "timestamp": 1737164658161,
        "position": 3,
        "trialNumber": 8,
        "positionKey": "8-3",
        "blockNumber": 3
      },
      {
        "experimentId": "1737164587131",
        "response": "j",
        "responseType": "even",
        "digit": "5",
        "isCorrect": false,
        "timestamp": 1737164658245,
        "position": 4,
        "trialNumber": 8,
        "positionKey": "8-4",
        "blockNumber": 3
      },
      {
        "experimentId": "1737164587131",
        "response": "j",
        "responseType": "even",
        "digit": "8",
        "isCorrect": true,
        "timestamp": 1737164658329,
        "position": 5,
        "trialNumber": 8,
        "positionKey": "8-5",
        "blockNumber": 3
      },
      {
        "experimentId": "1737164587131",
        "response": "j",
        "responseType": "even",
        "digit": "5",
        "isCorrect": false,
        "timestamp": 1737164658413,
        "position": 6,
        "trialNumber": 8,
        "positionKey": "8-6",
        "blockNumber": 3
      },
      {
        "experimentId": "1737164587131",
        "response": "j",
        "responseType": "even",
        "digit": "4",
        "isCorrect": true,
        "timestamp": 1737164658497,
        "position": 7,
        "trialNumber": 8,
        "positionKey": "8-7",
        "blockNumber": 3
      },
      {
        "experimentId": "1737164587131",
        "response": "j",
        "responseType": "even",
        "digit": "5",
        "isCorrect": false,
        "timestamp": 1737164658582,
        "position": 8,
        "trialNumber": 8,
        "positionKey": "8-8",
        "blockNumber": 3
      },
      {
        "experimentId": "1737164587131",
        "response": "j",
        "responseType": "even",
        "digit": "6",
        "isCorrect": true,
        "timestamp": 1737164658666,
        "position": 9,
        "trialNumber": 8,
        "positionKey": "8-9",
        "blockNumber": 3
      },
      {
        "experimentId": "1737164587131",
        "response": "j",
        "responseType": "even",
        "digit": "9",
        "isCorrect": false,
        "timestamp": 1737164658750,
        "position": 10,
        "trialNumber": 8,
        "positionKey": "8-10",
        "blockNumber": 3
      },
      {
        "experimentId": "1737164587131",
        "response": "j",
        "responseType": "even",
        "digit": "8",
        "isCorrect": true,
        "timestamp": 1737164658833,
        "position": 11,
        "trialNumber": 8,
        "positionKey": "8-11",
        "blockNumber": 3
      },
      {
        "experimentId": "1737164587131",
        "response": "j",
        "responseType": "even",
        "digit": "3",
        "isCorrect": false,
        "timestamp": 1737164658916,
        "position": 12,
        "trialNumber": 8,
        "positionKey": "8-12",
        "blockNumber": 3
      },
      {
        "experimentId": "1737164587131",
        "response": "j",
        "responseType": "even",
        "digit": "5",
        "isCorrect": false,
        "timestamp": 1737164658999,
        "position": 13,
        "trialNumber": 8,
        "positionKey": "8-13",
        "blockNumber": 3
      },
      {
        "experimentId": "1737164587131",
        "response": "j",
        "responseType": "even",
        "digit": "5",
        "isCorrect": false,
        "timestamp": 1737164659083,
        "position": 14,
        "trialNumber": 8,
        "positionKey": "8-14",
        "blockNumber": 3
      }
    ]
  }
]