[
  {
    "trialNumber": 1,
    "sequence": "883537351539915",
    "responses": [
      {
        "experimentId": "1739342368440",
        "response": "j",
        "responseType": "even",
        "digit": "8",
        "isCorrect": true,
        "timestamp": 1739342368961,
        "position": 0,
        "trialNumber": 0,
        "positionKey": "0-0"
      },
      {
        "experimentId": "1739342368440",
        "response": "j",
        "responseType": "even",
        "digit": "8",
        "isCorrect": true,
        "timestamp": 1739342369458,
        "position": 1,
        "trialNumber": 0,
        "positionKey": "0-1"
      },
      {
        "experimentId": "1739342368440",
        "response": "j",
        "responseType": "even",
        "digit": "3",
        "isCorrect": false,
        "timestamp": 1739342369540,
        "position": 2,
        "trialNumber": 0,
        "positionKey": "0-2"
      },
      {
        "experimentId": "1739342368440",
        "response": "j",
        "responseType": "even",
        "digit": "5",
        "isCorrect": false,
        "timestamp": 1739342369749,
        "position": 3,
        "trialNumber": 0,
        "positionKey": "0-3"
      },
      {
        "experimentId": "1739342368440",
        "response": "j",
        "responseType": "even",
        "digit": "3",
        "isCorrect": false,
        "timestamp": 1739342370246,
        "position": 4,
        "trialNumber": 0,
        "positionKey": "0-4"
      },
      {
        "experimentId": "1739342368440",
        "response": "j",
        "responseType": "even",
        "digit": "7",
        "isCorrect": false,
        "timestamp": 1739342370329,
        "position": 5,
        "trialNumber": 0,
        "positionKey": "0-5"
      },
      {
        "experimentId": "1739342368440",
        "response": "j",
        "responseType": "even",
        "digit": "3",
        "isCorrect": false,
        "timestamp": 1739342370413,
        "position": 6,
        "trialNumber": 0,
        "positionKey": "0-6"
      },
      {
        "experimentId": "1739342368440",
        "response": "j",
        "responseType": "even",
        "digit": "5",
        "isCorrect": false,
        "timestamp": 1739342370497,
        "position": 7,
        "trialNumber": 0,
        "positionKey": "0-7"
      },
      {
        "experimentId": "1739342368440",
        "response": "j",
        "responseType": "even",
        "digit": "1",
        "isCorrect": false,
        "timestamp": 1739342370581,
        "position": 8,
        "trialNumber": 0,
        "positionKey": "0-8"
      },
      {
        "experimentId": "1739342368440",
        "response": "j",
        "responseType": "even",
        "digit": "5",
        "isCorrect": false,
        "timestamp": 1739342370663,
        "position": 9,
        "trialNumber": 0,
        "positionKey": "0-9"
      },
      {
        "experimentId": "1739342368440",
        "response": "j",
        "responseType": "even",
        "digit": "3",
        "isCorrect": false,
        "timestamp": 1739342370747,
        "position": 10,
        "trialNumber": 0,
        "positionKey": "0-10"
      },
      {
        "experimentId": "1739342368440",
        "response": "j",
        "responseType": "even",
        "digit": "9",
        "isCorrect": false,
        "timestamp": 1739342370830,
        "position": 11,
        "trialNumber": 0,
        "positionKey": "0-11"
      },
      {
        "experimentId": "1739342368440",
        "response": "j",
        "responseType": "even",
        "digit": "9",
        "isCorrect": false,
        "timestamp": 1739342370913,
        "position": 12,
        "trialNumber": 0,
        "positionKey": "0-12"
      },
      {
        "experimentId": "1739342368440",
        "response": "j",
        "responseType": "even",
        "digit": "1",
        "isCorrect": false,
        "timestamp": 1739342370997,
        "position": 13,
        "trialNumber": 0,
        "positionKey": "0-13"
      },
      {
        "experimentId": "1739342368440",
        "response": "j",
        "responseType": "even",
        "digit": "5",
        "isCorrect": false,
        "timestamp": 1739342371079,
        "position": 14,
        "trialNumber": 0,
        "positionKey": "0-14"
      }
    ]
  },
  {
    "trialNumber": 2,
    "sequence": "214416412189699",
    "responses": [
      {
        "experimentId": "1739342368440",
        "response": "j",
        "responseType": "even",
        "digit": "2",
        "isCorrect": true,
        "timestamp": 1739342371164,
        "position": 0,
        "trialNumber": 1,
        "positionKey": "1-0"
      },
      {
        "experimentId": "1739342368440",
        "response": "j",
        "responseType": "even",
        "digit": "1",
        "isCorrect": false,
        "timestamp": 1739342371246,
        "position": 1,
        "trialNumber": 1,
        "positionKey": "1-1"
      },
      {
        "experimentId": "1739342368440",
        "response": "j",
        "responseType": "even",
        "digit": "4",
        "isCorrect": true,
        "timestamp": 1739342371330,
        "position": 2,
        "trialNumber": 1,
        "positionKey": "1-2"
      },
      {
        "experimentId": "1739342368440",
        "response": "j",
        "responseType": "even",
        "digit": "4",
        "isCorrect": true,
        "timestamp": 1739342371413,
        "position": 3,
        "trialNumber": 1,
        "positionKey": "1-3"
      },
      {
        "experimentId": "1739342368440",
        "response": "j",
        "responseType": "even",
        "digit": "1",
        "isCorrect": false,
        "timestamp": 1739342371496,
        "position": 4,
        "trialNumber": 1,
        "positionKey": "1-4"
      },
      {
        "experimentId": "1739342368440",
        "response": "j",
        "responseType": "even",
        "digit": "6",
        "isCorrect": true,
        "timestamp": 1739342371580,
        "position": 5,
        "trialNumber": 1,
        "positionKey": "1-5"
      },
      {
        "experimentId": "1739342368440",
        "response": "j",
        "responseType": "even",
        "digit": "4",
        "isCorrect": true,
        "timestamp": 1739342371664,
        "position": 6,
        "trialNumber": 1,
        "positionKey": "1-6"
      },
      {
        "experimentId": "1739342368440",
        "response": "j",
        "responseType": "even",
        "digit": "1",
        "isCorrect": false,
        "timestamp": 1739342371746,
        "position": 7,
        "trialNumber": 1,
        "positionKey": "1-7"
      },
      {
        "experimentId": "1739342368440",
        "response": "j",
        "responseType": "even",
        "digit": "2",
        "isCorrect": true,
        "timestamp": 1739342371829,
        "position": 8,
        "trialNumber": 1,
        "positionKey": "1-8"
      },
      {
        "experimentId": "1739342368440",
        "response": "j",
        "responseType": "even",
        "digit": "1",
        "isCorrect": false,
        "timestamp": 1739342371913,
        "position": 9,
        "trialNumber": 1,
        "positionKey": "1-9"
      },
      {
        "experimentId": "1739342368440",
        "response": "j",
        "responseType": "even",
        "digit": "8",
        "isCorrect": true,
        "timestamp": 1739342371999,
        "position": 10,
        "trialNumber": 1,
        "positionKey": "1-10"
      },
      {
        "experimentId": "1739342368440",
        "response": "j",
        "responseType": "even",
        "digit": "9",
        "isCorrect": false,
        "timestamp": 1739342372079,
        "position": 11,
        "trialNumber": 1,
        "positionKey": "1-11"
      },
      {
        "experimentId": "1739342368440",
        "response": "j",
        "responseType": "even",
        "digit": "6",
        "isCorrect": true,
        "timestamp": 1739342372163,
        "position": 12,
        "trialNumber": 1,
        "positionKey": "1-12"
      },
      {
        "experimentId": "1739342368440",
        "response": "j",
        "responseType": "even",
        "digit": "9",
        "isCorrect": false,
        "timestamp": 1739342372247,
        "position": 13,
        "trialNumber": 1,
        "positionKey": "1-13"
      },
      {
        "experimentId": "1739342368440",
        "response": "j",
        "responseType": "even",
        "digit": "9",
        "isCorrect": false,
        "timestamp": 1739342372330,
        "position": 14,
        "trialNumber": 1,
        "positionKey": "1-14"
      }
    ]
  },
  {
    "trialNumber": 3,
    "sequence": "665467222338286",
    "responses": [
      {
        "experimentId": "1739342368440",
        "response": "j",
        "responseType": "even",
        "digit": "6",
        "isCorrect": true,
        "timestamp": 1739342372413,
        "position": 0,
        "trialNumber": 2,
        "positionKey": "2-0"
      },
      {
        "experimentId": "1739342368440",
        "response": "j",
        "responseType": "even",
        "digit": "6",
        "isCorrect": true,
        "timestamp": 1739342372496,
        "position": 1,
        "trialNumber": 2,
        "positionKey": "2-1"
      },
      {
        "experimentId": "1739342368440",
        "response": "j",
        "responseType": "even",
        "digit": "5",
        "isCorrect": false,
        "timestamp": 1739342372580,
        "position": 2,
        "trialNumber": 2,
        "positionKey": "2-2"
      },
      {
        "experimentId": "1739342368440",
        "response": "j",
        "responseType": "even",
        "digit": "4",
        "isCorrect": true,
        "timestamp": 1739342372664,
        "position": 3,
        "trialNumber": 2,
        "positionKey": "2-3"
      },
      {
        "experimentId": "1739342368440",
        "response": "j",
        "responseType": "even",
        "digit": "6",
        "isCorrect": true,
        "timestamp": 1739342372747,
        "position": 4,
        "trialNumber": 2,
        "positionKey": "2-4"
      },
      {
        "experimentId": "1739342368440",
        "response": "j",
        "responseType": "even",
        "digit": "7",
        "isCorrect": false,
        "timestamp": 1739342372835,
        "position": 5,
        "trialNumber": 2,
        "positionKey": "2-5"
      },
      {
        "experimentId": "1739342368440",
        "response": "j",
        "responseType": "even",
        "digit": "2",
        "isCorrect": true,
        "timestamp": 1739342372917,
        "position": 6,
        "trialNumber": 2,
        "positionKey": "2-6"
      },
      {
        "experimentId": "1739342368440",
        "response": "j",
        "responseType": "even",
        "digit": "2",
        "isCorrect": true,
        "timestamp": 1739342372997,
        "position": 7,
        "trialNumber": 2,
        "positionKey": "2-7"
      },
      {
        "experimentId": "1739342368440",
        "response": "j",
        "responseType": "even",
        "digit": "2",
        "isCorrect": true,
        "timestamp": 1739342373080,
        "position": 8,
        "trialNumber": 2,
        "positionKey": "2-8"
      },
      {
        "experimentId": "1739342368440",
        "response": "j",
        "responseType": "even",
        "digit": "3",
        "isCorrect": false,
        "timestamp": 1739342373168,
        "position": 9,
        "trialNumber": 2,
        "positionKey": "2-9"
      },
      {
        "experimentId": "1739342368440",
        "response": "j",
        "responseType": "even",
        "digit": "3",
        "isCorrect": false,
        "timestamp": 1739342373250,
        "position": 10,
        "trialNumber": 2,
        "positionKey": "2-10"
      },
      {
        "experimentId": "1739342368440",
        "response": "j",
        "responseType": "even",
        "digit": "8",
        "isCorrect": true,
        "timestamp": 1739342373335,
        "position": 11,
        "trialNumber": 2,
        "positionKey": "2-11"
      },
      {
        "experimentId": "1739342368440",
        "response": "j",
        "responseType": "even",
        "digit": "2",
        "isCorrect": true,
        "timestamp": 1739342373415,
        "position": 12,
        "trialNumber": 2,
        "positionKey": "2-12"
      },
      {
        "experimentId": "1739342368440",
        "response": "j",
        "responseType": "even",
        "digit": "8",
        "isCorrect": true,
        "timestamp": 1739342373498,
        "position": 13,
        "trialNumber": 2,
        "positionKey": "2-13"
      },
      {
        "experimentId": "1739342368440",
        "response": "j",
        "responseType": "even",
        "digit": "6",
        "isCorrect": true,
        "timestamp": 1739342373580,
        "position": 14,
        "trialNumber": 2,
        "positionKey": "2-14"
      }
    ]
  },
  {
    "trialNumber": 4,
    "sequence": "733751511376428",
    "responses": [
      {
        "experimentId": "1739342368440",
        "response": "j",
        "responseType": "even",
        "digit": "7",
        "isCorrect": false,
        "timestamp": 1739342373664,
        "position": 0,
        "trialNumber": 3,
        "positionKey": "3-0"
      },
      {
        "experimentId": "1739342368440",
        "response": "j",
        "responseType": "even",
        "digit": "3",
        "isCorrect": false,
        "timestamp": 1739342373747,
        "position": 1,
        "trialNumber": 3,
        "positionKey": "3-1"
      },
      {
        "experimentId": "1739342368440",
        "response": "j",
        "responseType": "even",
        "digit": "3",
        "isCorrect": false,
        "timestamp": 1739342373832,
        "position": 2,
        "trialNumber": 3,
        "positionKey": "3-2"
      },
      {
        "experimentId": "1739342368440",
        "response": "j",
        "responseType": "even",
        "digit": "7",
        "isCorrect": false,
        "timestamp": 1739342373915,
        "position": 3,
        "trialNumber": 3,
        "positionKey": "3-3"
      },
      {
        "experimentId": "1739342368440",
        "response": "j",
        "responseType": "even",
        "digit": "5",
        "isCorrect": false,
        "timestamp": 1739342374000,
        "position": 4,
        "trialNumber": 3,
        "positionKey": "3-4"
      },
      {
        "experimentId": "1739342368440",
        "response": "j",
        "responseType": "even",
        "digit": "1",
        "isCorrect": false,
        "timestamp": 1739342374083,
        "position": 5,
        "trialNumber": 3,
        "positionKey": "3-5"
      },
      {
        "experimentId": "1739342368440",
        "response": "j",
        "responseType": "even",
        "digit": "5",
        "isCorrect": false,
        "timestamp": 1739342374167,
        "position": 6,
        "trialNumber": 3,
        "positionKey": "3-6"
      },
      {
        "experimentId": "1739342368440",
        "response": "j",
        "responseType": "even",
        "digit": "1",
        "isCorrect": false,
        "timestamp": 1739342374252,
        "position": 7,
        "trialNumber": 3,
        "positionKey": "3-7"
      },
      {
        "experimentId": "1739342368440",
        "response": "j",
        "responseType": "even",
        "digit": "1",
        "isCorrect": false,
        "timestamp": 1739342374334,
        "position": 8,
        "trialNumber": 3,
        "positionKey": "3-8"
      },
      {
        "experimentId": "1739342368440",
        "response": "j",
        "responseType": "even",
        "digit": "3",
        "isCorrect": false,
        "timestamp": 1739342374417,
        "position": 9,
        "trialNumber": 3,
        "positionKey": "3-9"
      },
      {
        "experimentId": "1739342368440",
        "response": "j",
        "responseType": "even",
        "digit": "7",
        "isCorrect": false,
        "timestamp": 1739342374500,
        "position": 10,
        "trialNumber": 3,
        "positionKey": "3-10"
      },
      {
        "experimentId": "1739342368440",
        "response": "j",
        "responseType": "even",
        "digit": "6",
        "isCorrect": true,
        "timestamp": 1739342374583,
        "position": 11,
        "trialNumber": 3,
        "positionKey": "3-11"
      },
      {
        "experimentId": "1739342368440",
        "response": "j",
        "responseType": "even",
        "digit": "4",
        "isCorrect": true,
        "timestamp": 1739342374667,
        "position": 12,
        "trialNumber": 3,
        "positionKey": "3-12"
      },
      {
        "experimentId": "1739342368440",
        "response": "j",
        "responseType": "even",
        "digit": "2",
        "isCorrect": true,
        "timestamp": 1739342374750,
        "position": 13,
        "trialNumber": 3,
        "positionKey": "3-13"
      },
      {
        "experimentId": "1739342368440",
        "response": "j",
        "responseType": "even",
        "digit": "8",
        "isCorrect": true,
        "timestamp": 1739342374834,
        "position": 14,
        "trialNumber": 3,
        "positionKey": "3-14"
      }
    ]
  },
  {
    "trialNumber": 5,
    "sequence": "383585689939368",
    "responses": [
      {
        "experimentId": "1739342368440",
        "response": "j",
        "responseType": "even",
        "digit": "3",
        "isCorrect": false,
        "timestamp": 1739342374917,
        "position": 0,
        "trialNumber": 4,
        "positionKey": "4-0"
      },
      {
        "experimentId": "1739342368440",
        "response": "j",
        "responseType": "even",
        "digit": "8",
        "isCorrect": true,
        "timestamp": 1739342375000,
        "position": 1,
        "trialNumber": 4,
        "positionKey": "4-1"
      },
      {
        "experimentId": "1739342368440",
        "response": "j",
        "responseType": "even",
        "digit": "3",
        "isCorrect": false,
        "timestamp": 1739342375084,
        "position": 2,
        "trialNumber": 4,
        "positionKey": "4-2"
      },
      {
        "experimentId": "1739342368440",
        "response": "j",
        "responseType": "even",
        "digit": "5",
        "isCorrect": false,
        "timestamp": 1739342375167,
        "position": 3,
        "trialNumber": 4,
        "positionKey": "4-3"
      },
      {
        "experimentId": "1739342368440",
        "response": "j",
        "responseType": "even",
        "digit": "8",
        "isCorrect": true,
        "timestamp": 1739342375250,
        "position": 4,
        "trialNumber": 4,
        "positionKey": "4-4"
      },
      {
        "experimentId": "1739342368440",
        "response": "j",
        "responseType": "even",
        "digit": "5",
        "isCorrect": false,
        "timestamp": 1739342375334,
        "position": 5,
        "trialNumber": 4,
        "positionKey": "4-5"
      },
      {
        "experimentId": "1739342368440",
        "response": "j",
        "responseType": "even",
        "digit": "6",
        "isCorrect": true,
        "timestamp": 1739342375417,
        "position": 6,
        "trialNumber": 4,
        "positionKey": "4-6"
      },
      {
        "experimentId": "1739342368440",
        "response": "j",
        "responseType": "even",
        "digit": "8",
        "isCorrect": true,
        "timestamp": 1739342375502,
        "position": 7,
        "trialNumber": 4,
        "positionKey": "4-7"
      },
      {
        "experimentId": "1739342368440",
        "response": "j",
        "responseType": "even",
        "digit": "9",
        "isCorrect": false,
        "timestamp": 1739342375584,
        "position": 8,
        "trialNumber": 4,
        "positionKey": "4-8"
      },
      {
        "experimentId": "1739342368440",
        "response": "j",
        "responseType": "even",
        "digit": "9",
        "isCorrect": false,
        "timestamp": 1739342375667,
        "position": 9,
        "trialNumber": 4,
        "positionKey": "4-9"
      },
      {
        "experimentId": "1739342368440",
        "response": "j",
        "responseType": "even",
        "digit": "3",
        "isCorrect": false,
        "timestamp": 1739342375751,
        "position": 10,
        "trialNumber": 4,
        "positionKey": "4-10"
      },
      {
        "experimentId": "1739342368440",
        "response": "j",
        "responseType": "even",
        "digit": "9",
        "isCorrect": false,
        "timestamp": 1739342375834,
        "position": 11,
        "trialNumber": 4,
        "positionKey": "4-11"
      },
      {
        "experimentId": "1739342368440",
        "response": "j",
        "responseType": "even",
        "digit": "3",
        "isCorrect": false,
        "timestamp": 1739342375917,
        "position": 12,
        "trialNumber": 4,
        "positionKey": "4-12"
      },
      {
        "experimentId": "1739342368440",
        "response": "j",
        "responseType": "even",
        "digit": "6",
        "isCorrect": true,
        "timestamp": 1739342376001,
        "position": 13,
        "trialNumber": 4,
        "positionKey": "4-13"
      },
      {
        "experimentId": "1739342368440",
        "response": "j",
        "responseType": "even",
        "digit": "8",
        "isCorrect": true,
        "timestamp": 1739342376084,
        "position": 14,
        "trialNumber": 4,
        "positionKey": "4-14"
      }
    ]
  },
  {
    "trialNumber": 6,
    "sequence": "866483793773935",
    "responses": [
      {
        "experimentId": "1739342368440",
        "response": "j",
        "responseType": "even",
        "digit": "8",
        "isCorrect": true,
        "timestamp": 1739342376167,
        "position": 0,
        "trialNumber": 5,
        "positionKey": "5-0"
      },
      {
        "experimentId": "1739342368440",
        "response": "j",
        "responseType": "even",
        "digit": "6",
        "isCorrect": true,
        "timestamp": 1739342376250,
        "position": 1,
        "trialNumber": 5,
        "positionKey": "5-1"
      },
      {
        "experimentId": "1739342368440",
        "response": "j",
        "responseType": "even",
        "digit": "6",
        "isCorrect": true,
        "timestamp": 1739342376334,
        "position": 2,
        "trialNumber": 5,
        "positionKey": "5-2"
      },
      {
        "experimentId": "1739342368440",
        "response": "j",
        "responseType": "even",
        "digit": "4",
        "isCorrect": true,
        "timestamp": 1739342376417,
        "position": 3,
        "trialNumber": 5,
        "positionKey": "5-3"
      },
      {
        "experimentId": "1739342368440",
        "response": "j",
        "responseType": "even",
        "digit": "8",
        "isCorrect": true,
        "timestamp": 1739342376500,
        "position": 4,
        "trialNumber": 5,
        "positionKey": "5-4"
      },
      {
        "experimentId": "1739342368440",
        "response": "j",
        "responseType": "even",
        "digit": "3",
        "isCorrect": false,
        "timestamp": 1739342376583,
        "position": 5,
        "trialNumber": 5,
        "positionKey": "5-5"
      },
      {
        "experimentId": "1739342368440",
        "response": "j",
        "responseType": "even",
        "digit": "7",
        "isCorrect": false,
        "timestamp": 1739342376668,
        "position": 6,
        "trialNumber": 5,
        "positionKey": "5-6"
      },
      {
        "experimentId": "1739342368440",
        "response": "j",
        "responseType": "even",
        "digit": "9",
        "isCorrect": false,
        "timestamp": 1739342376751,
        "position": 7,
        "trialNumber": 5,
        "positionKey": "5-7"
      },
      {
        "experimentId": "1739342368440",
        "response": "j",
        "responseType": "even",
        "digit": "3",
        "isCorrect": false,
        "timestamp": 1739342376834,
        "position": 8,
        "trialNumber": 5,
        "positionKey": "5-8"
      },
      {
        "experimentId": "1739342368440",
        "response": "j",
        "responseType": "even",
        "digit": "7",
        "isCorrect": false,
        "timestamp": 1739342376917,
        "position": 9,
        "trialNumber": 5,
        "positionKey": "5-9"
      },
      {
        "experimentId": "1739342368440",
        "response": "j",
        "responseType": "even",
        "digit": "7",
        "isCorrect": false,
        "timestamp": 1739342377001,
        "position": 10,
        "trialNumber": 5,
        "positionKey": "5-10"
      },
      {
        "experimentId": "1739342368440",
        "response": "j",
        "responseType": "even",
        "digit": "3",
        "isCorrect": false,
        "timestamp": 1739342377084,
        "position": 11,
        "trialNumber": 5,
        "positionKey": "5-11"
      },
      {
        "experimentId": "1739342368440",
        "response": "j",
        "responseType": "even",
        "digit": "9",
        "isCorrect": false,
        "timestamp": 1739342377167,
        "position": 12,
        "trialNumber": 5,
        "positionKey": "5-12"
      },
      {
        "experimentId": "1739342368440",
        "response": "j",
        "responseType": "even",
        "digit": "3",
        "isCorrect": false,
        "timestamp": 1739342377250,
        "position": 13,
        "trialNumber": 5,
        "positionKey": "5-13"
      },
      {
        "experimentId": "1739342368440",
        "response": "j",
        "responseType": "even",
        "digit": "5",
        "isCorrect": false,
        "timestamp": 1739342377335,
        "position": 14,
        "trialNumber": 5,
        "positionKey": "5-14"
      }
    ]
  },
  {
    "trialNumber": 7,
    "sequence": "457561222796179",
    "responses": [
      {
        "experimentId": "1739342368440",
        "response": "j",
        "responseType": "even",
        "digit": "4",
        "isCorrect": true,
        "timestamp": 1739342377417,
        "position": 0,
        "trialNumber": 6,
        "positionKey": "6-0"
      },
      {
        "experimentId": "1739342368440",
        "response": "j",
        "responseType": "even",
        "digit": "5",
        "isCorrect": false,
        "timestamp": 1739342377501,
        "position": 1,
        "trialNumber": 6,
        "positionKey": "6-1"
      },
      {
        "experimentId": "1739342368440",
        "response": "j",
        "responseType": "even",
        "digit": "7",
        "isCorrect": false,
        "timestamp": 1739342377584,
        "position": 2,
        "trialNumber": 6,
        "positionKey": "6-2"
      },
      {
        "experimentId": "1739342368440",
        "response": "j",
        "responseType": "even",
        "digit": "5",
        "isCorrect": false,
        "timestamp": 1739342377668,
        "position": 3,
        "trialNumber": 6,
        "positionKey": "6-3"
      },
      {
        "experimentId": "1739342368440",
        "response": "j",
        "responseType": "even",
        "digit": "6",
        "isCorrect": true,
        "timestamp": 1739342377750,
        "position": 4,
        "trialNumber": 6,
        "positionKey": "6-4"
      },
      {
        "experimentId": "1739342368440",
        "response": "j",
        "responseType": "even",
        "digit": "1",
        "isCorrect": false,
        "timestamp": 1739342377835,
        "position": 5,
        "trialNumber": 6,
        "positionKey": "6-5"
      },
      {
        "experimentId": "1739342368440",
        "response": "j",
        "responseType": "even",
        "digit": "2",
        "isCorrect": true,
        "timestamp": 1739342377917,
        "position": 6,
        "trialNumber": 6,
        "positionKey": "6-6"
      },
      {
        "experimentId": "1739342368440",
        "response": "j",
        "responseType": "even",
        "digit": "2",
        "isCorrect": true,
        "timestamp": 1739342378001,
        "position": 7,
        "trialNumber": 6,
        "positionKey": "6-7"
      },
      {
        "experimentId": "1739342368440",
        "response": "j",
        "responseType": "even",
        "digit": "2",
        "isCorrect": true,
        "timestamp": 1739342378084,
        "position": 8,
        "trialNumber": 6,
        "positionKey": "6-8"
      },
      {
        "experimentId": "1739342368440",
        "response": "j",
        "responseType": "even",
        "digit": "7",
        "isCorrect": false,
        "timestamp": 1739342378167,
        "position": 9,
        "trialNumber": 6,
        "positionKey": "6-9"
      },
      {
        "experimentId": "1739342368440",
        "response": "j",
        "responseType": "even",
        "digit": "9",
        "isCorrect": false,
        "timestamp": 1739342378250,
        "position": 10,
        "trialNumber": 6,
        "positionKey": "6-10"
      },
      {
        "experimentId": "1739342368440",
        "response": "j",
        "responseType": "even",
        "digit": "6",
        "isCorrect": true,
        "timestamp": 1739342378334,
        "position": 11,
        "trialNumber": 6,
        "positionKey": "6-11"
      },
      {
        "experimentId": "1739342368440",
        "response": "j",
        "responseType": "even",
        "digit": "1",
        "isCorrect": false,
        "timestamp": 1739342378417,
        "position": 12,
        "trialNumber": 6,
        "positionKey": "6-12"
      },
      {
        "experimentId": "1739342368440",
        "response": "j",
        "responseType": "even",
        "digit": "7",
        "isCorrect": false,
        "timestamp": 1739342378501,
        "position": 13,
        "trialNumber": 6,
        "positionKey": "6-13"
      },
      {
        "experimentId": "1739342368440",
        "response": "j",
        "responseType": "even",
        "digit": "9",
        "isCorrect": false,
        "timestamp": 1739342378584,
        "position": 14,
        "trialNumber": 6,
        "positionKey": "6-14"
      }
    ]
  },
  {
    "trialNumber": 8,
    "sequence": "456988785652748",
    "responses": [
      {
        "experimentId": "1739342368440",
        "response": "j",
        "responseType": "even",
        "digit": "4",
        "isCorrect": true,
        "timestamp": 1739342378668,
        "position": 0,
        "trialNumber": 7,
        "positionKey": "7-0"
      },
      {
        "experimentId": "1739342368440",
        "response": "j",
        "responseType": "even",
        "digit": "5",
        "isCorrect": false,
        "timestamp": 1739342378751,
        "position": 1,
        "trialNumber": 7,
        "positionKey": "7-1"
      },
      {
        "experimentId": "1739342368440",
        "response": "j",
        "responseType": "even",
        "digit": "6",
        "isCorrect": true,
        "timestamp": 1739342378834,
        "position": 2,
        "trialNumber": 7,
        "positionKey": "7-2"
      },
      {
        "experimentId": "1739342368440",
        "response": "j",
        "responseType": "even",
        "digit": "9",
        "isCorrect": false,
        "timestamp": 1739342378917,
        "position": 3,
        "trialNumber": 7,
        "positionKey": "7-3"
      },
      {
        "experimentId": "1739342368440",
        "response": "j",
        "responseType": "even",
        "digit": "8",
        "isCorrect": true,
        "timestamp": 1739342379001,
        "position": 4,
        "trialNumber": 7,
        "positionKey": "7-4"
      },
      {
        "experimentId": "1739342368440",
        "response": "j",
        "responseType": "even",
        "digit": "8",
        "isCorrect": true,
        "timestamp": 1739342379084,
        "position": 5,
        "trialNumber": 7,
        "positionKey": "7-5"
      },
      {
        "experimentId": "1739342368440",
        "response": "j",
        "responseType": "even",
        "digit": "7",
        "isCorrect": false,
        "timestamp": 1739342379167,
        "position": 6,
        "trialNumber": 7,
        "positionKey": "7-6"
      },
      {
        "experimentId": "1739342368440",
        "response": "j",
        "responseType": "even",
        "digit": "8",
        "isCorrect": true,
        "timestamp": 1739342379251,
        "position": 7,
        "trialNumber": 7,
        "positionKey": "7-7"
      },
      {
        "experimentId": "1739342368440",
        "response": "j",
        "responseType": "even",
        "digit": "5",
        "isCorrect": false,
        "timestamp": 1739342379335,
        "position": 8,
        "trialNumber": 7,
        "positionKey": "7-8"
      },
      {
        "experimentId": "1739342368440",
        "response": "j",
        "responseType": "even",
        "digit": "6",
        "isCorrect": true,
        "timestamp": 1739342379417,
        "position": 9,
        "trialNumber": 7,
        "positionKey": "7-9"
      },
      {
        "experimentId": "1739342368440",
        "response": "j",
        "responseType": "even",
        "digit": "5",
        "isCorrect": false,
        "timestamp": 1739342379500,
        "position": 10,
        "trialNumber": 7,
        "positionKey": "7-10"
      },
      {
        "experimentId": "1739342368440",
        "response": "j",
        "responseType": "even",
        "digit": "2",
        "isCorrect": true,
        "timestamp": 1739342379584,
        "position": 11,
        "trialNumber": 7,
        "positionKey": "7-11"
      },
      {
        "experimentId": "1739342368440",
        "response": "j",
        "responseType": "even",
        "digit": "7",
        "isCorrect": false,
        "timestamp": 1739342379667,
        "position": 12,
        "trialNumber": 7,
        "positionKey": "7-12"
      },
      {
        "experimentId": "1739342368440",
        "response": "j",
        "responseType": "even",
        "digit": "4",
        "isCorrect": true,
        "timestamp": 1739342379750,
        "position": 13,
        "trialNumber": 7,
        "positionKey": "7-13"
      },
      {
        "experimentId": "1739342368440",
        "response": "j",
        "responseType": "even",
        "digit": "8",
        "isCorrect": true,
        "timestamp": 1739342379834,
        "position": 14,
        "trialNumber": 7,
        "positionKey": "7-14"
      }
    ]
  },
  {
    "trialNumber": 9,
    "sequence": "529252138963475",
    "responses": [
      {
        "experimentId": "1739342368440",
        "response": "j",
        "responseType": "even",
        "digit": "5",
        "isCorrect": false,
        "timestamp": 1739342379917,
        "position": 0,
        "trialNumber": 8,
        "positionKey": "8-0"
      },
      {
        "experimentId": "1739342368440",
        "response": "j",
        "responseType": "even",
        "digit": "2",
        "isCorrect": true,
        "timestamp": 1739342380000,
        "position": 1,
        "trialNumber": 8,
        "positionKey": "8-1"
      },
      {
        "experimentId": "1739342368440",
        "response": "j",
        "responseType": "even",
        "digit": "9",
        "isCorrect": false,
        "timestamp": 1739342380083,
        "position": 2,
        "trialNumber": 8,
        "positionKey": "8-2"
      },
      {
        "experimentId": "1739342368440",
        "response": "j",
        "responseType": "even",
        "digit": "2",
        "isCorrect": true,
        "timestamp": 1739342380167,
        "position": 3,
        "trialNumber": 8,
        "positionKey": "8-3"
      },
      {
        "experimentId": "1739342368440",
        "response": "j",
        "responseType": "even",
        "digit": "5",
        "isCorrect": false,
        "timestamp": 1739342380251,
        "position": 4,
        "trialNumber": 8,
        "positionKey": "8-4"
      },
      {
        "experimentId": "1739342368440",
        "response": "j",
        "responseType": "even",
        "digit": "2",
        "isCorrect": true,
        "timestamp": 1739342380334,
        "position": 5,
        "trialNumber": 8,
        "positionKey": "8-5"
      },
      {
        "experimentId": "1739342368440",
        "response": "j",
        "responseType": "even",
        "digit": "1",
        "isCorrect": false,
        "timestamp": 1739342380418,
        "position": 6,
        "trialNumber": 8,
        "positionKey": "8-6"
      },
      {
        "experimentId": "1739342368440",
        "response": "j",
        "responseType": "even",
        "digit": "3",
        "isCorrect": false,
        "timestamp": 1739342380502,
        "position": 7,
        "trialNumber": 8,
        "positionKey": "8-7"
      },
      {
        "experimentId": "1739342368440",
        "response": "j",
        "responseType": "even",
        "digit": "8",
        "isCorrect": true,
        "timestamp": 1739342380584,
        "position": 8,
        "trialNumber": 8,
        "positionKey": "8-8"
      },
      {
        "experimentId": "1739342368440",
        "response": "j",
        "responseType": "even",
        "digit": "9",
        "isCorrect": false,
        "timestamp": 1739342380668,
        "position": 9,
        "trialNumber": 8,
        "positionKey": "8-9"
      },
      {
        "experimentId": "1739342368440",
        "response": "j",
        "responseType": "even",
        "digit": "6",
        "isCorrect": true,
        "timestamp": 1739342380751,
        "position": 10,
        "trialNumber": 8,
        "positionKey": "8-10"
      },
      {
        "experimentId": "1739342368440",
        "response": "j",
        "responseType": "even",
        "digit": "3",
        "isCorrect": false,
        "timestamp": 1739342380834,
        "position": 11,
        "trialNumber": 8,
        "positionKey": "8-11"
      },
      {
        "experimentId": "1739342368440",
        "response": "j",
        "responseType": "even",
        "digit": "4",
        "isCorrect": true,
        "timestamp": 1739342380917,
        "position": 12,
        "trialNumber": 8,
        "positionKey": "8-12"
      },
      {
        "experimentId": "1739342368440",
        "response": "j",
        "responseType": "even",
        "digit": "7",
        "isCorrect": false,
        "timestamp": 1739342381001,
        "position": 13,
        "trialNumber": 8,
        "positionKey": "8-13"
      },
      {
        "experimentId": "1739342368440",
        "response": "j",
        "responseType": "even",
        "digit": "5",
        "isCorrect": false,
        "timestamp": 1739342381084,
        "position": 14,
        "trialNumber": 8,
        "positionKey": "8-14"
      }
    ]
  }
]