[
  {
    "trialNumber": 1,
    "sequence": "985792332491146",
    "responses": [
      {
        "experimentId": "1739342474800",
        "response": "f",
        "responseType": "odd",
        "digit": "9",
        "isCorrect": true,
        "timestamp": 1739342475271,
        "position": 0,
        "trialNumber": 0,
        "positionKey": "0-0"
      },
      {
        "experimentId": "1739342474800",
        "response": "f",
        "responseType": "odd",
        "digit": "8",
        "isCorrect": false,
        "timestamp": 1739342475353,
        "position": 1,
        "trialNumber": 0,
        "positionKey": "0-1"
      },
      {
        "experimentId": "1739342474800",
        "response": "f",
        "responseType": "odd",
        "digit": "5",
        "isCorrect": true,
        "timestamp": 1739342475440,
        "position": 2,
        "trialNumber": 0,
        "positionKey": "0-2"
      },
      {
        "experimentId": "1739342474800",
        "response": "f",
        "responseType": "odd",
        "digit": "7",
        "isCorrect": true,
        "timestamp": 1739342475519,
        "position": 3,
        "trialNumber": 0,
        "positionKey": "0-3"
      },
      {
        "experimentId": "1739342474800",
        "response": "f",
        "responseType": "odd",
        "digit": "9",
        "isCorrect": true,
        "timestamp": 1739342475604,
        "position": 4,
        "trialNumber": 0,
        "positionKey": "0-4"
      },
      {
        "experimentId": "1739342474800",
        "response": "f",
        "responseType": "odd",
        "digit": "2",
        "isCorrect": false,
        "timestamp": 1739342475688,
        "position": 5,
        "trialNumber": 0,
        "positionKey": "0-5"
      },
      {
        "experimentId": "1739342474800",
        "response": "f",
        "responseType": "odd",
        "digit": "3",
        "isCorrect": true,
        "timestamp": 1739342475775,
        "position": 6,
        "trialNumber": 0,
        "positionKey": "0-6"
      },
      {
        "experimentId": "1739342474800",
        "response": "f",
        "responseType": "odd",
        "digit": "3",
        "isCorrect": true,
        "timestamp": 1739342475854,
        "position": 7,
        "trialNumber": 0,
        "positionKey": "0-7"
      },
      {
        "experimentId": "1739342474800",
        "response": "f",
        "responseType": "odd",
        "digit": "2",
        "isCorrect": false,
        "timestamp": 1739342475939,
        "position": 8,
        "trialNumber": 0,
        "positionKey": "0-8"
      },
      {
        "experimentId": "1739342474800",
        "response": "f",
        "responseType": "odd",
        "digit": "4",
        "isCorrect": false,
        "timestamp": 1739342476022,
        "position": 9,
        "trialNumber": 0,
        "positionKey": "0-9"
      },
      {
        "experimentId": "1739342474800",
        "response": "f",
        "responseType": "odd",
        "digit": "9",
        "isCorrect": true,
        "timestamp": 1739342476107,
        "position": 10,
        "trialNumber": 0,
        "positionKey": "0-10"
      },
      {
        "experimentId": "1739342474800",
        "response": "f",
        "responseType": "odd",
        "digit": "1",
        "isCorrect": true,
        "timestamp": 1739342476191,
        "position": 11,
        "trialNumber": 0,
        "positionKey": "0-11"
      },
      {
        "experimentId": "1739342474800",
        "response": "f",
        "responseType": "odd",
        "digit": "1",
        "isCorrect": true,
        "timestamp": 1739342476273,
        "position": 12,
        "trialNumber": 0,
        "positionKey": "0-12"
      },
      {
        "experimentId": "1739342474800",
        "response": "f",
        "responseType": "odd",
        "digit": "4",
        "isCorrect": false,
        "timestamp": 1739342476355,
        "position": 13,
        "trialNumber": 0,
        "positionKey": "0-13"
      },
      {
        "experimentId": "1739342474800",
        "response": "f",
        "responseType": "odd",
        "digit": "6",
        "isCorrect": false,
        "timestamp": 1739342476438,
        "position": 14,
        "trialNumber": 0,
        "positionKey": "0-14"
      }
    ]
  },
  {
    "trialNumber": 2,
    "sequence": "885932411794546",
    "responses": [
      {
        "experimentId": "1739342474800",
        "response": "f",
        "responseType": "odd",
        "digit": "8",
        "isCorrect": false,
        "timestamp": 1739342476523,
        "position": 0,
        "trialNumber": 1,
        "positionKey": "1-0"
      },
      {
        "experimentId": "1739342474800",
        "response": "f",
        "responseType": "odd",
        "digit": "8",
        "isCorrect": false,
        "timestamp": 1739342476607,
        "position": 1,
        "trialNumber": 1,
        "positionKey": "1-1"
      },
      {
        "experimentId": "1739342474800",
        "response": "f",
        "responseType": "odd",
        "digit": "5",
        "isCorrect": true,
        "timestamp": 1739342476696,
        "position": 2,
        "trialNumber": 1,
        "positionKey": "1-2"
      },
      {
        "experimentId": "1739342474800",
        "response": "f",
        "responseType": "odd",
        "digit": "9",
        "isCorrect": true,
        "timestamp": 1739342476770,
        "position": 3,
        "trialNumber": 1,
        "positionKey": "1-3"
      },
      {
        "experimentId": "1739342474800",
        "response": "f",
        "responseType": "odd",
        "digit": "3",
        "isCorrect": true,
        "timestamp": 1739342476857,
        "position": 4,
        "trialNumber": 1,
        "positionKey": "1-4"
      },
      {
        "experimentId": "1739342474800",
        "response": "f",
        "responseType": "odd",
        "digit": "2",
        "isCorrect": false,
        "timestamp": 1739342476939,
        "position": 5,
        "trialNumber": 1,
        "positionKey": "1-5"
      },
      {
        "experimentId": "1739342474800",
        "response": "f",
        "responseType": "odd",
        "digit": "4",
        "isCorrect": false,
        "timestamp": 1739342477022,
        "position": 6,
        "trialNumber": 1,
        "positionKey": "1-6"
      },
      {
        "experimentId": "1739342474800",
        "response": "f",
        "responseType": "odd",
        "digit": "1",
        "isCorrect": true,
        "timestamp": 1739342477106,
        "position": 7,
        "trialNumber": 1,
        "positionKey": "1-7"
      },
      {
        "experimentId": "1739342474800",
        "response": "f",
        "responseType": "odd",
        "digit": "1",
        "isCorrect": true,
        "timestamp": 1739342477189,
        "position": 8,
        "trialNumber": 1,
        "positionKey": "1-8"
      },
      {
        "experimentId": "1739342474800",
        "response": "f",
        "responseType": "odd",
        "digit": "7",
        "isCorrect": true,
        "timestamp": 1739342477273,
        "position": 9,
        "trialNumber": 1,
        "positionKey": "1-9"
      },
      {
        "experimentId": "1739342474800",
        "response": "f",
        "responseType": "odd",
        "digit": "9",
        "isCorrect": true,
        "timestamp": 1739342477355,
        "position": 10,
        "trialNumber": 1,
        "positionKey": "1-10"
      },
      {
        "experimentId": "1739342474800",
        "response": "f",
        "responseType": "odd",
        "digit": "4",
        "isCorrect": false,
        "timestamp": 1739342477439,
        "position": 11,
        "trialNumber": 1,
        "positionKey": "1-11"
      },
      {
        "experimentId": "1739342474800",
        "response": "f",
        "responseType": "odd",
        "digit": "5",
        "isCorrect": true,
        "timestamp": 1739342477523,
        "position": 12,
        "trialNumber": 1,
        "positionKey": "1-12"
      },
      {
        "experimentId": "1739342474800",
        "response": "f",
        "responseType": "odd",
        "digit": "4",
        "isCorrect": false,
        "timestamp": 1739342477604,
        "position": 13,
        "trialNumber": 1,
        "positionKey": "1-13"
      },
      {
        "experimentId": "1739342474800",
        "response": "f",
        "responseType": "odd",
        "digit": "6",
        "isCorrect": false,
        "timestamp": 1739342477689,
        "position": 14,
        "trialNumber": 1,
        "positionKey": "1-14"
      }
    ]
  },
  {
    "trialNumber": 3,
    "sequence": "728779535771555",
    "responses": [
      {
        "experimentId": "1739342474800",
        "response": "f",
        "responseType": "odd",
        "digit": "7",
        "isCorrect": true,
        "timestamp": 1739342477773,
        "position": 0,
        "trialNumber": 2,
        "positionKey": "2-0"
      },
      {
        "experimentId": "1739342474800",
        "response": "f",
        "responseType": "odd",
        "digit": "2",
        "isCorrect": false,
        "timestamp": 1739342477856,
        "position": 1,
        "trialNumber": 2,
        "positionKey": "2-1"
      },
      {
        "experimentId": "1739342474800",
        "response": "f",
        "responseType": "odd",
        "digit": "8",
        "isCorrect": false,
        "timestamp": 1739342477939,
        "position": 2,
        "trialNumber": 2,
        "positionKey": "2-2"
      },
      {
        "experimentId": "1739342474800",
        "response": "f",
        "responseType": "odd",
        "digit": "7",
        "isCorrect": true,
        "timestamp": 1739342478022,
        "position": 3,
        "trialNumber": 2,
        "positionKey": "2-3"
      },
      {
        "experimentId": "1739342474800",
        "response": "f",
        "responseType": "odd",
        "digit": "7",
        "isCorrect": true,
        "timestamp": 1739342478106,
        "position": 4,
        "trialNumber": 2,
        "positionKey": "2-4"
      },
      {
        "experimentId": "1739342474800",
        "response": "f",
        "responseType": "odd",
        "digit": "9",
        "isCorrect": true,
        "timestamp": 1739342478189,
        "position": 5,
        "trialNumber": 2,
        "positionKey": "2-5"
      },
      {
        "experimentId": "1739342474800",
        "response": "f",
        "responseType": "odd",
        "digit": "5",
        "isCorrect": true,
        "timestamp": 1739342478271,
        "position": 6,
        "trialNumber": 2,
        "positionKey": "2-6"
      },
      {
        "experimentId": "1739342474800",
        "response": "f",
        "responseType": "odd",
        "digit": "3",
        "isCorrect": true,
        "timestamp": 1739342478355,
        "position": 7,
        "trialNumber": 2,
        "positionKey": "2-7"
      },
      {
        "experimentId": "1739342474800",
        "response": "f",
        "responseType": "odd",
        "digit": "5",
        "isCorrect": true,
        "timestamp": 1739342478439,
        "position": 8,
        "trialNumber": 2,
        "positionKey": "2-8"
      },
      {
        "experimentId": "1739342474800",
        "response": "f",
        "responseType": "odd",
        "digit": "7",
        "isCorrect": true,
        "timestamp": 1739342478523,
        "position": 9,
        "trialNumber": 2,
        "positionKey": "2-9"
      },
      {
        "experimentId": "1739342474800",
        "response": "f",
        "responseType": "odd",
        "digit": "7",
        "isCorrect": true,
        "timestamp": 1739342478605,
        "position": 10,
        "trialNumber": 2,
        "positionKey": "2-10"
      },
      {
        "experimentId": "1739342474800",
        "response": "f",
        "responseType": "odd",
        "digit": "1",
        "isCorrect": true,
        "timestamp": 1739342478689,
        "position": 11,
        "trialNumber": 2,
        "positionKey": "2-11"
      },
      {
        "experimentId": "1739342474800",
        "response": "f",
        "responseType": "odd",
        "digit": "5",
        "isCorrect": true,
        "timestamp": 1739342478773,
        "position": 12,
        "trialNumber": 2,
        "positionKey": "2-12"
      },
      {
        "experimentId": "1739342474800",
        "response": "f",
        "responseType": "odd",
        "digit": "5",
        "isCorrect": true,
        "timestamp": 1739342478854,
        "position": 13,
        "trialNumber": 2,
        "positionKey": "2-13"
      },
      {
        "experimentId": "1739342474800",
        "response": "f",
        "responseType": "odd",
        "digit": "5",
        "isCorrect": true,
        "timestamp": 1739342478950,
        "position": 14,
        "trialNumber": 2,
        "positionKey": "2-14"
      }
    ]
  },
  {
    "trialNumber": 4,
    "sequence": "422382642228848",
    "responses": [
      {
        "experimentId": "1739342474800",
        "response": "f",
        "responseType": "odd",
        "digit": "4",
        "isCorrect": false,
        "timestamp": 1739342479024,
        "position": 0,
        "trialNumber": 3,
        "positionKey": "3-0"
      },
      {
        "experimentId": "1739342474800",
        "response": "f",
        "responseType": "odd",
        "digit": "2",
        "isCorrect": false,
        "timestamp": 1739342479106,
        "position": 1,
        "trialNumber": 3,
        "positionKey": "3-1"
      },
      {
        "experimentId": "1739342474800",
        "response": "f",
        "responseType": "odd",
        "digit": "2",
        "isCorrect": false,
        "timestamp": 1739342479193,
        "position": 2,
        "trialNumber": 3,
        "positionKey": "3-2"
      },
      {
        "experimentId": "1739342474800",
        "response": "f",
        "responseType": "odd",
        "digit": "3",
        "isCorrect": true,
        "timestamp": 1739342479277,
        "position": 3,
        "trialNumber": 3,
        "positionKey": "3-3"
      },
      {
        "experimentId": "1739342474800",
        "response": "f",
        "responseType": "odd",
        "digit": "8",
        "isCorrect": false,
        "timestamp": 1739342479359,
        "position": 4,
        "trialNumber": 3,
        "positionKey": "3-4"
      },
      {
        "experimentId": "1739342474800",
        "response": "f",
        "responseType": "odd",
        "digit": "2",
        "isCorrect": false,
        "timestamp": 1739342479443,
        "position": 5,
        "trialNumber": 3,
        "positionKey": "3-5"
      },
      {
        "experimentId": "1739342474800",
        "response": "f",
        "responseType": "odd",
        "digit": "6",
        "isCorrect": false,
        "timestamp": 1739342479528,
        "position": 6,
        "trialNumber": 3,
        "positionKey": "3-6"
      },
      {
        "experimentId": "1739342474800",
        "response": "f",
        "responseType": "odd",
        "digit": "4",
        "isCorrect": false,
        "timestamp": 1739342479607,
        "position": 7,
        "trialNumber": 3,
        "positionKey": "3-7"
      },
      {
        "experimentId": "1739342474800",
        "response": "f",
        "responseType": "odd",
        "digit": "2",
        "isCorrect": false,
        "timestamp": 1739342479693,
        "position": 8,
        "trialNumber": 3,
        "positionKey": "3-8"
      },
      {
        "experimentId": "1739342474800",
        "response": "f",
        "responseType": "odd",
        "digit": "2",
        "isCorrect": false,
        "timestamp": 1739342479775,
        "position": 9,
        "trialNumber": 3,
        "positionKey": "3-9"
      },
      {
        "experimentId": "1739342474800",
        "response": "f",
        "responseType": "odd",
        "digit": "2",
        "isCorrect": false,
        "timestamp": 1739342479858,
        "position": 10,
        "trialNumber": 3,
        "positionKey": "3-10"
      },
      {
        "experimentId": "1739342474800",
        "response": "f",
        "responseType": "odd",
        "digit": "8",
        "isCorrect": false,
        "timestamp": 1739342479941,
        "position": 11,
        "trialNumber": 3,
        "positionKey": "3-11"
      },
      {
        "experimentId": "1739342474800",
        "response": "f",
        "responseType": "odd",
        "digit": "8",
        "isCorrect": false,
        "timestamp": 1739342480026,
        "position": 12,
        "trialNumber": 3,
        "positionKey": "3-12"
      },
      {
        "experimentId": "1739342474800",
        "response": "f",
        "responseType": "odd",
        "digit": "4",
        "isCorrect": false,
        "timestamp": 1739342480109,
        "position": 13,
        "trialNumber": 3,
        "positionKey": "3-13"
      },
      {
        "experimentId": "1739342474800",
        "response": "f",
        "responseType": "odd",
        "digit": "8",
        "isCorrect": false,
        "timestamp": 1739342480192,
        "position": 14,
        "trialNumber": 3,
        "positionKey": "3-14"
      }
    ]
  },
  {
    "trialNumber": 5,
    "sequence": "926975569324984",
    "responses": [
      {
        "experimentId": "1739342474800",
        "response": "f",
        "responseType": "odd",
        "digit": "9",
        "isCorrect": true,
        "timestamp": 1739342480277,
        "position": 0,
        "trialNumber": 4,
        "positionKey": "4-0"
      },
      {
        "experimentId": "1739342474800",
        "response": "f",
        "responseType": "odd",
        "digit": "2",
        "isCorrect": false,
        "timestamp": 1739342480360,
        "position": 1,
        "trialNumber": 4,
        "positionKey": "4-1"
      },
      {
        "experimentId": "1739342474800",
        "response": "f",
        "responseType": "odd",
        "digit": "6",
        "isCorrect": false,
        "timestamp": 1739342480443,
        "position": 2,
        "trialNumber": 4,
        "positionKey": "4-2"
      },
      {
        "experimentId": "1739342474800",
        "response": "f",
        "responseType": "odd",
        "digit": "9",
        "isCorrect": true,
        "timestamp": 1739342480526,
        "position": 3,
        "trialNumber": 4,
        "positionKey": "4-3"
      },
      {
        "experimentId": "1739342474800",
        "response": "f",
        "responseType": "odd",
        "digit": "7",
        "isCorrect": true,
        "timestamp": 1739342480610,
        "position": 4,
        "trialNumber": 4,
        "positionKey": "4-4"
      },
      {
        "experimentId": "1739342474800",
        "response": "f",
        "responseType": "odd",
        "digit": "5",
        "isCorrect": true,
        "timestamp": 1739342480693,
        "position": 5,
        "trialNumber": 4,
        "positionKey": "4-5"
      },
      {
        "experimentId": "1739342474800",
        "response": "f",
        "responseType": "odd",
        "digit": "5",
        "isCorrect": true,
        "timestamp": 1739342480777,
        "position": 6,
        "trialNumber": 4,
        "positionKey": "4-6"
      },
      {
        "experimentId": "1739342474800",
        "response": "f",
        "responseType": "odd",
        "digit": "6",
        "isCorrect": false,
        "timestamp": 1739342480860,
        "position": 7,
        "trialNumber": 4,
        "positionKey": "4-7"
      },
      {
        "experimentId": "1739342474800",
        "response": "f",
        "responseType": "odd",
        "digit": "9",
        "isCorrect": true,
        "timestamp": 1739342480944,
        "position": 8,
        "trialNumber": 4,
        "positionKey": "4-8"
      },
      {
        "experimentId": "1739342474800",
        "response": "f",
        "responseType": "odd",
        "digit": "3",
        "isCorrect": true,
        "timestamp": 1739342481028,
        "position": 9,
        "trialNumber": 4,
        "positionKey": "4-9"
      },
      {
        "experimentId": "1739342474800",
        "response": "f",
        "responseType": "odd",
        "digit": "2",
        "isCorrect": false,
        "timestamp": 1739342481113,
        "position": 10,
        "trialNumber": 4,
        "positionKey": "4-10"
      },
      {
        "experimentId": "1739342474800",
        "response": "f",
        "responseType": "odd",
        "digit": "4",
        "isCorrect": false,
        "timestamp": 1739342481196,
        "position": 11,
        "trialNumber": 4,
        "positionKey": "4-11"
      },
      {
        "experimentId": "1739342474800",
        "response": "f",
        "responseType": "odd",
        "digit": "9",
        "isCorrect": true,
        "timestamp": 1739342481280,
        "position": 12,
        "trialNumber": 4,
        "positionKey": "4-12"
      },
      {
        "experimentId": "1739342474800",
        "response": "f",
        "responseType": "odd",
        "digit": "8",
        "isCorrect": false,
        "timestamp": 1739342481364,
        "position": 13,
        "trialNumber": 4,
        "positionKey": "4-13"
      },
      {
        "experimentId": "1739342474800",
        "response": "f",
        "responseType": "odd",
        "digit": "4",
        "isCorrect": false,
        "timestamp": 1739342481447,
        "position": 14,
        "trialNumber": 4,
        "positionKey": "4-14"
      }
    ]
  },
  {
    "trialNumber": 6,
    "sequence": "468628842484955",
    "responses": [
      {
        "experimentId": "1739342474800",
        "response": "f",
        "responseType": "odd",
        "digit": "4",
        "isCorrect": false,
        "timestamp": 1739342481530,
        "position": 0,
        "trialNumber": 5,
        "positionKey": "5-0"
      },
      {
        "experimentId": "1739342474800",
        "response": "f",
        "responseType": "odd",
        "digit": "6",
        "isCorrect": false,
        "timestamp": 1739342481614,
        "position": 1,
        "trialNumber": 5,
        "positionKey": "5-1"
      },
      {
        "experimentId": "1739342474800",
        "response": "f",
        "responseType": "odd",
        "digit": "8",
        "isCorrect": false,
        "timestamp": 1739342481697,
        "position": 2,
        "trialNumber": 5,
        "positionKey": "5-2"
      },
      {
        "experimentId": "1739342474800",
        "response": "f",
        "responseType": "odd",
        "digit": "6",
        "isCorrect": false,
        "timestamp": 1739342481781,
        "position": 3,
        "trialNumber": 5,
        "positionKey": "5-3"
      },
      {
        "experimentId": "1739342474800",
        "response": "f",
        "responseType": "odd",
        "digit": "2",
        "isCorrect": false,
        "timestamp": 1739342481864,
        "position": 4,
        "trialNumber": 5,
        "positionKey": "5-4"
      },
      {
        "experimentId": "1739342474800",
        "response": "f",
        "responseType": "odd",
        "digit": "8",
        "isCorrect": false,
        "timestamp": 1739342481947,
        "position": 5,
        "trialNumber": 5,
        "positionKey": "5-5"
      },
      {
        "experimentId": "1739342474800",
        "response": "f",
        "responseType": "odd",
        "digit": "8",
        "isCorrect": false,
        "timestamp": 1739342482031,
        "position": 6,
        "trialNumber": 5,
        "positionKey": "5-6"
      },
      {
        "experimentId": "1739342474800",
        "response": "f",
        "responseType": "odd",
        "digit": "4",
        "isCorrect": false,
        "timestamp": 1739342482114,
        "position": 7,
        "trialNumber": 5,
        "positionKey": "5-7"
      },
      {
        "experimentId": "1739342474800",
        "response": "f",
        "responseType": "odd",
        "digit": "2",
        "isCorrect": false,
        "timestamp": 1739342482197,
        "position": 8,
        "trialNumber": 5,
        "positionKey": "5-8"
      },
      {
        "experimentId": "1739342474800",
        "response": "f",
        "responseType": "odd",
        "digit": "4",
        "isCorrect": false,
        "timestamp": 1739342482281,
        "position": 9,
        "trialNumber": 5,
        "positionKey": "5-9"
      },
      {
        "experimentId": "1739342474800",
        "response": "f",
        "responseType": "odd",
        "digit": "8",
        "isCorrect": false,
        "timestamp": 1739342482364,
        "position": 10,
        "trialNumber": 5,
        "positionKey": "5-10"
      },
      {
        "experimentId": "1739342474800",
        "response": "f",
        "responseType": "odd",
        "digit": "4",
        "isCorrect": false,
        "timestamp": 1739342482447,
        "position": 11,
        "trialNumber": 5,
        "positionKey": "5-11"
      },
      {
        "experimentId": "1739342474800",
        "response": "f",
        "responseType": "odd",
        "digit": "9",
        "isCorrect": true,
        "timestamp": 1739342482530,
        "position": 12,
        "trialNumber": 5,
        "positionKey": "5-12"
      },
      {
        "experimentId": "1739342474800",
        "response": "f",
        "responseType": "odd",
        "digit": "5",
        "isCorrect": true,
        "timestamp": 1739342482614,
        "position": 13,
        "trialNumber": 5,
        "positionKey": "5-13"
      },
      {
        "experimentId": "1739342474800",
        "response": "f",
        "responseType": "odd",
        "digit": "5",
        "isCorrect": true,
        "timestamp": 1739342482697,
        "position": 14,
        "trialNumber": 5,
        "positionKey": "5-14"
      }
    ]
  },
  {
    "trialNumber": 7,
    "sequence": "656143479581657",
    "responses": [
      {
        "experimentId": "1739342474800",
        "response": "f",
        "responseType": "odd",
        "digit": "6",
        "isCorrect": false,
        "timestamp": 1739342482780,
        "position": 0,
        "trialNumber": 6,
        "positionKey": "6-0"
      },
      {
        "experimentId": "1739342474800",
        "response": "f",
        "responseType": "odd",
        "digit": "5",
        "isCorrect": true,
        "timestamp": 1739342482864,
        "position": 1,
        "trialNumber": 6,
        "positionKey": "6-1"
      },
      {
        "experimentId": "1739342474800",
        "response": "f",
        "responseType": "odd",
        "digit": "6",
        "isCorrect": false,
        "timestamp": 1739342482947,
        "position": 2,
        "trialNumber": 6,
        "positionKey": "6-2"
      },
      {
        "experimentId": "1739342474800",
        "response": "f",
        "responseType": "odd",
        "digit": "1",
        "isCorrect": true,
        "timestamp": 1739342483030,
        "position": 3,
        "trialNumber": 6,
        "positionKey": "6-3"
      },
      {
        "experimentId": "1739342474800",
        "response": "f",
        "responseType": "odd",
        "digit": "4",
        "isCorrect": false,
        "timestamp": 1739342483114,
        "position": 4,
        "trialNumber": 6,
        "positionKey": "6-4"
      },
      {
        "experimentId": "1739342474800",
        "response": "f",
        "responseType": "odd",
        "digit": "3",
        "isCorrect": true,
        "timestamp": 1739342483197,
        "position": 5,
        "trialNumber": 6,
        "positionKey": "6-5"
      },
      {
        "experimentId": "1739342474800",
        "response": "f",
        "responseType": "odd",
        "digit": "4",
        "isCorrect": false,
        "timestamp": 1739342483281,
        "position": 6,
        "trialNumber": 6,
        "positionKey": "6-6"
      },
      {
        "experimentId": "1739342474800",
        "response": "f",
        "responseType": "odd",
        "digit": "7",
        "isCorrect": true,
        "timestamp": 1739342483363,
        "position": 7,
        "trialNumber": 6,
        "positionKey": "6-7"
      },
      {
        "experimentId": "1739342474800",
        "response": "f",
        "responseType": "odd",
        "digit": "9",
        "isCorrect": true,
        "timestamp": 1739342483447,
        "position": 8,
        "trialNumber": 6,
        "positionKey": "6-8"
      },
      {
        "experimentId": "1739342474800",
        "response": "f",
        "responseType": "odd",
        "digit": "5",
        "isCorrect": true,
        "timestamp": 1739342483530,
        "position": 9,
        "trialNumber": 6,
        "positionKey": "6-9"
      },
      {
        "experimentId": "1739342474800",
        "response": "f",
        "responseType": "odd",
        "digit": "8",
        "isCorrect": false,
        "timestamp": 1739342483614,
        "position": 10,
        "trialNumber": 6,
        "positionKey": "6-10"
      },
      {
        "experimentId": "1739342474800",
        "response": "f",
        "responseType": "odd",
        "digit": "1",
        "isCorrect": true,
        "timestamp": 1739342483699,
        "position": 11,
        "trialNumber": 6,
        "positionKey": "6-11"
      },
      {
        "experimentId": "1739342474800",
        "response": "f",
        "responseType": "odd",
        "digit": "6",
        "isCorrect": false,
        "timestamp": 1739342483781,
        "position": 12,
        "trialNumber": 6,
        "positionKey": "6-12"
      },
      {
        "experimentId": "1739342474800",
        "response": "f",
        "responseType": "odd",
        "digit": "5",
        "isCorrect": true,
        "timestamp": 1739342483864,
        "position": 13,
        "trialNumber": 6,
        "positionKey": "6-13"
      },
      {
        "experimentId": "1739342474800",
        "response": "f",
        "responseType": "odd",
        "digit": "7",
        "isCorrect": true,
        "timestamp": 1739342483947,
        "position": 14,
        "trialNumber": 6,
        "positionKey": "6-14"
      }
    ]
  },
  {
    "trialNumber": 8,
    "sequence": "565856678965682",
    "responses": [
      {
        "experimentId": "1739342474800",
        "response": "f",
        "responseType": "odd",
        "digit": "5",
        "isCorrect": true,
        "timestamp": 1739342484031,
        "position": 0,
        "trialNumber": 7,
        "positionKey": "7-0"
      },
      {
        "experimentId": "1739342474800",
        "response": "f",
        "responseType": "odd",
        "digit": "6",
        "isCorrect": false,
        "timestamp": 1739342484114,
        "position": 1,
        "trialNumber": 7,
        "positionKey": "7-1"
      },
      {
        "experimentId": "1739342474800",
        "response": "f",
        "responseType": "odd",
        "digit": "5",
        "isCorrect": true,
        "timestamp": 1739342484197,
        "position": 2,
        "trialNumber": 7,
        "positionKey": "7-2"
      },
      {
        "experimentId": "1739342474800",
        "response": "f",
        "responseType": "odd",
        "digit": "8",
        "isCorrect": false,
        "timestamp": 1739342484281,
        "position": 3,
        "trialNumber": 7,
        "positionKey": "7-3"
      },
      {
        "experimentId": "1739342474800",
        "response": "f",
        "responseType": "odd",
        "digit": "5",
        "isCorrect": true,
        "timestamp": 1739342484364,
        "position": 4,
        "trialNumber": 7,
        "positionKey": "7-4"
      },
      {
        "experimentId": "1739342474800",
        "response": "f",
        "responseType": "odd",
        "digit": "6",
        "isCorrect": false,
        "timestamp": 1739342484448,
        "position": 5,
        "trialNumber": 7,
        "positionKey": "7-5"
      },
      {
        "experimentId": "1739342474800",
        "response": "f",
        "responseType": "odd",
        "digit": "6",
        "isCorrect": false,
        "timestamp": 1739342484531,
        "position": 6,
        "trialNumber": 7,
        "positionKey": "7-6"
      },
      {
        "experimentId": "1739342474800",
        "response": "f",
        "responseType": "odd",
        "digit": "7",
        "isCorrect": true,
        "timestamp": 1739342484615,
        "position": 7,
        "trialNumber": 7,
        "positionKey": "7-7"
      },
      {
        "experimentId": "1739342474800",
        "response": "f",
        "responseType": "odd",
        "digit": "8",
        "isCorrect": false,
        "timestamp": 1739342484698,
        "position": 8,
        "trialNumber": 7,
        "positionKey": "7-8"
      },
      {
        "experimentId": "1739342474800",
        "response": "f",
        "responseType": "odd",
        "digit": "9",
        "isCorrect": true,
        "timestamp": 1739342484782,
        "position": 9,
        "trialNumber": 7,
        "positionKey": "7-9"
      },
      {
        "experimentId": "1739342474800",
        "response": "f",
        "responseType": "odd",
        "digit": "6",
        "isCorrect": false,
        "timestamp": 1739342484864,
        "position": 10,
        "trialNumber": 7,
        "positionKey": "7-10"
      },
      {
        "experimentId": "1739342474800",
        "response": "f",
        "responseType": "odd",
        "digit": "5",
        "isCorrect": true,
        "timestamp": 1739342484947,
        "position": 11,
        "trialNumber": 7,
        "positionKey": "7-11"
      },
      {
        "experimentId": "1739342474800",
        "response": "f",
        "responseType": "odd",
        "digit": "6",
        "isCorrect": false,
        "timestamp": 1739342485031,
        "position": 12,
        "trialNumber": 7,
        "positionKey": "7-12"
      },
      {
        "experimentId": "1739342474800",
        "response": "f",
        "responseType": "odd",
        "digit": "8",
        "isCorrect": false,
        "timestamp": 1739342485114,
        "position": 13,
        "trialNumber": 7,
        "positionKey": "7-13"
      },
      {
        "experimentId": "1739342474800",
        "response": "f",
        "responseType": "odd",
        "digit": "2",
        "isCorrect": false,
        "timestamp": 1739342485198,
        "position": 14,
        "trialNumber": 7,
        "positionKey": "7-14"
      }
    ]
  },
  {
    "trialNumber": 9,
    "sequence": "762529232761548",
    "responses": [
      {
        "experimentId": "1739342474800",
        "response": "f",
        "responseType": "odd",
        "digit": "7",
        "isCorrect": true,
        "timestamp": 1739342485281,
        "position": 0,
        "trialNumber": 8,
        "positionKey": "8-0"
      },
      {
        "experimentId": "1739342474800",
        "response": "f",
        "responseType": "odd",
        "digit": "6",
        "isCorrect": false,
        "timestamp": 1739342485364,
        "position": 1,
        "trialNumber": 8,
        "positionKey": "8-1"
      },
      {
        "experimentId": "1739342474800",
        "response": "f",
        "responseType": "odd",
        "digit": "2",
        "isCorrect": false,
        "timestamp": 1739342485447,
        "position": 2,
        "trialNumber": 8,
        "positionKey": "8-2"
      },
      {
        "experimentId": "1739342474800",
        "response": "f",
        "responseType": "odd",
        "digit": "5",
        "isCorrect": true,
        "timestamp": 1739342485531,
        "position": 3,
        "trialNumber": 8,
        "positionKey": "8-3"
      },
      {
        "experimentId": "1739342474800",
        "response": "f",
        "responseType": "odd",
        "digit": "2",
        "isCorrect": false,
        "timestamp": 1739342485614,
        "position": 4,
        "trialNumber": 8,
        "positionKey": "8-4"
      },
      {
        "experimentId": "1739342474800",
        "response": "f",
        "responseType": "odd",
        "digit": "9",
        "isCorrect": true,
        "timestamp": 1739342485698,
        "position": 5,
        "trialNumber": 8,
        "positionKey": "8-5"
      },
      {
        "experimentId": "1739342474800",
        "response": "f",
        "responseType": "odd",
        "digit": "2",
        "isCorrect": false,
        "timestamp": 1739342485781,
        "position": 6,
        "trialNumber": 8,
        "positionKey": "8-6"
      },
      {
        "experimentId": "1739342474800",
        "response": "f",
        "responseType": "odd",
        "digit": "3",
        "isCorrect": true,
        "timestamp": 1739342485863,
        "position": 7,
        "trialNumber": 8,
        "positionKey": "8-7"
      },
      {
        "experimentId": "1739342474800",
        "response": "f",
        "responseType": "odd",
        "digit": "2",
        "isCorrect": false,
        "timestamp": 1739342485948,
        "position": 8,
        "trialNumber": 8,
        "positionKey": "8-8"
      },
      {
        "experimentId": "1739342474800",
        "response": "f",
        "responseType": "odd",
        "digit": "7",
        "isCorrect": true,
        "timestamp": 1739342486030,
        "position": 9,
        "trialNumber": 8,
        "positionKey": "8-9"
      },
      {
        "experimentId": "1739342474800",
        "response": "f",
        "responseType": "odd",
        "digit": "6",
        "isCorrect": false,
        "timestamp": 1739342486114,
        "position": 10,
        "trialNumber": 8,
        "positionKey": "8-10"
      },
      {
        "experimentId": "1739342474800",
        "response": "f",
        "responseType": "odd",
        "digit": "1",
        "isCorrect": true,
        "timestamp": 1739342486197,
        "position": 11,
        "trialNumber": 8,
        "positionKey": "8-11"
      },
      {
        "experimentId": "1739342474800",
        "response": "f",
        "responseType": "odd",
        "digit": "5",
        "isCorrect": true,
        "timestamp": 1739342486281,
        "position": 12,
        "trialNumber": 8,
        "positionKey": "8-12"
      },
      {
        "experimentId": "1739342474800",
        "response": "f",
        "responseType": "odd",
        "digit": "4",
        "isCorrect": false,
        "timestamp": 1739342486364,
        "position": 13,
        "trialNumber": 8,
        "positionKey": "8-13"
      },
      {
        "experimentId": "1739342474800",
        "response": "f",
        "responseType": "odd",
        "digit": "8",
        "isCorrect": false,
        "timestamp": 1739342486447,
        "position": 14,
        "trialNumber": 8,
        "positionKey": "8-14"
      }
    ]
  }
]